COUNTY,POPULATION,CFLD_RISKS,WFIR_RISKS,lat,lng,kmeans_fire_cluster,risk_label,kmeans_flood_cluster,flood_label
Anderson,57845,0.0,78.42825326121539,31.8133,-95.6525,0,Moderate Wildfire Risk (<70),0,Very Low Flood Risk (<5)
Andrews,18585,0.0,87.59147311485842,32.305,-102.6377,0,Moderate Wildfire Risk (<70),0,Very Low Flood Risk (<5)
Angelina,86270,0.0,87.30512249443208,31.2548,-94.6119,0,Moderate Wildfire Risk (<70),0,Very Low Flood Risk (<5)
Aransas,23703,95.37223340040242,60.674514794782056,28.1254,-96.9933,0,Moderate Wildfire Risk (<70),1,High Flood Risk (>50)
Archer,8555,0.0,85.49156856506522,33.6153,-98.6877,0,Moderate Wildfire Risk (<70),0,Very Low Flood Risk (<5)
Armstrong,1844,0.0,69.29685014317532,34.9649,-101.3574,0,Moderate Wildfire Risk (<70),0,Very Low Flood Risk (<5)
Atascosa,48813,0.0,72.63760738148265,28.8935,-98.5272,0,Moderate Wildfire Risk (<70),0,Very Low Flood Risk (<5)
Austin,30013,0.0,66.78332803054407,29.887,-96.2779,0,Moderate Wildfire Risk (<70),0,Very Low Flood Risk (<5)
Bailey,6899,0.0,87.14603881641743,34.0686,-102.8299,0,Moderate Wildfire Risk (<70),0,Very Low Flood Risk (<5)
Bandera,20828,0.0,87.68692332166718,29.7472,-99.2463,0,Moderate Wildfire Risk (<70),0,Very Low Flood Risk (<5)
Bastrop,97097,0.0,78.01463569837735,30.1036,-97.312,0,Moderate Wildfire Risk (<70),0,Very Low Flood Risk (<5)
Baylor,3465,0.0,65.86064269805918,33.6165,-99.2135,0,Moderate Wildfire Risk (<70),0,Very Low Flood Risk (<5)
Bee,30948,0.0,47.50238625517022,28.4174,-97.7412,0,Moderate Wildfire Risk (<70),0,Very Low Flood Risk (<5)
Bell,369846,0.0,93.22303531657651,31.0373,-97.4788,0,Moderate Wildfire Risk (<70),0,Very Low Flood Risk (<5)
Bexar,2007298,0.0,95.22748965956093,29.4489,-98.52,1,Very High Wildfire Risk (>90),3,Moderate Low Flood Risk (<10)
Blanco,11332,0.0,79.54183900731783,30.2664,-98.3999,0,Moderate Wildfire Risk (<70),0,Very Low Flood Risk (<5)
Borden,627,0.0,83.77346484250717,32.7436,-101.4317,0,Moderate Wildfire Risk (<70),0,Very Low Flood Risk (<5)
Bosque,18211,0.0,80.68724148902324,31.9004,-97.6343,0,Moderate Wildfire Risk (<70),0,Very Low Flood Risk (<5)
Bowie,92789,0.0,74.96022908049633,33.4458,-94.4234,0,Moderate Wildfire Risk (<70),0,Very Low Flood Risk (<5)
Brazoria,371474,76.25754527162978,87.62328985046133,29.1898,-95.4521,0,Moderate Wildfire Risk (<70),1,High Flood Risk (>50)
Brazos,233555,0.0,65.70155902004454,30.6608,-96.3024,0,Moderate Wildfire Risk (<70),0,Very Low Flood Risk (<5)
Brewster,9511,0.0,95.25930639516386,29.8119,-103.2517,0,Moderate Wildfire Risk (<70),0,Very Low Flood Risk (<5)
Briscoe,1430,0.0,68.85141584473433,34.5303,-101.2086,0,Moderate Wildfire Risk (<70),0,Very Low Flood Risk (<5)
Brooks,7053,0.0,70.25135221126313,27.0316,-98.2187,0,Moderate Wildfire Risk (<70),0,Very Low Flood Risk (<5)
Brown,38073,0.0,89.18230989500476,31.7742,-98.9998,0,Moderate Wildfire Risk (<70),0,Very Low Flood Risk (<5)
Burleson,17632,0.0,56.72923958001908,30.4925,-96.6215,0,Moderate Wildfire Risk (<70),0,Very Low Flood Risk (<5)
Burnet,48986,0.0,89.02322621699014,30.7884,-98.1823,0,Moderate Wildfire Risk (<70),0,Very Low Flood Risk (<5)
Caldwell,45866,0.0,73.7511931275851,29.8368,-97.6199,0,Moderate Wildfire Risk (<70),0,Very Low Flood Risk (<5)
Caldwell,45866,0.0,73.7511931275851,32.0925,-92.1166,0,Moderate Wildfire Risk (<70),0,Very Low Flood Risk (<5)
Calhoun,20057,88.53118712273641,65.03340757238307,33.7714,-85.826,0,Moderate Wildfire Risk (<70),1,High Flood Risk (>50)
Calhoun,20057,88.53118712273641,65.03340757238307,28.5074,-96.6018,0,Moderate Wildfire Risk (<70),1,High Flood Risk (>50)
Calhoun,20057,88.53118712273641,65.03340757238307,30.406,-85.1972,0,Moderate Wildfire Risk (<70),1,High Flood Risk (>50)
Calhoun,20057,88.53118712273641,65.03340757238307,33.9365,-89.3365,0,Moderate Wildfire Risk (<70),1,High Flood Risk (>50)
Callahan,13697,0.0,86.1597200127267,32.2976,-99.3735,0,Moderate Wildfire Risk (<70),0,Very Low Flood Risk (<5)
Cameron,420083,97.78672032193158,63.28348711422208,26.1332,-97.5186,0,Moderate Wildfire Risk (<70),1,High Flood Risk (>50)
Cameron,420083,97.78672032193158,63.28348711422208,29.8754,-93.1937,0,Moderate Wildfire Risk (<70),1,High Flood Risk (>50)
Camp,12446,0.0,73.81482659879094,32.9732,-94.9785,0,Moderate Wildfire Risk (<70),0,Very Low Flood Risk (<5)
Carson,5799,0.0,87.75055679287304,35.4035,-101.3542,0,Moderate Wildfire Risk (<70),0,Very Low Flood Risk (<5)
Cass,28400,0.0,69.83773464842507,33.0775,-94.3435,0,Moderate Wildfire Risk (<70),0,Very Low Flood Risk (<5)
Castro,7365,0.0,62.58351893095768,34.5299,-102.2617,0,Moderate Wildfire Risk (<70),0,Very Low Flood Risk (<5)
Chambers,46507,60.362173038229365,91.88673242125358,29.7384,-94.61,0,Moderate Wildfire Risk (<70),1,High Flood Risk (>50)
Chambers,46507,60.362173038229365,91.88673242125358,32.9143,-85.392,0,Moderate Wildfire Risk (<70),1,High Flood Risk (>50)
Cherokee,50317,0.0,83.20076360165446,31.837,-95.1652,0,Moderate Wildfire Risk (<70),0,Very Low Flood Risk (<5)
Cherokee,50317,0.0,83.20076360165446,34.1759,-85.6038,0,Moderate Wildfire Risk (<70),0,Very Low Flood Risk (<5)
Childress,6414,0.0,93.79573655742922,34.5291,-100.2076,0,Moderate Wildfire Risk (<70),0,Very Low Flood Risk (<5)
Clay,10200,0.0,88.80050906776965,29.9831,-81.8579,0,Moderate Wildfire Risk (<70),0,Very Low Flood Risk (<5)
Clay,10200,0.0,88.80050906776965,33.6556,-88.7816,0,Moderate Wildfire Risk (<70),0,Very Low Flood Risk (<5)
Clay,10200,0.0,88.80050906776965,33.269,-85.8605,0,Moderate Wildfire Risk (<70),0,Very Low Flood Risk (<5)
Clay,10200,0.0,88.80050906776965,33.7855,-98.2085,0,Moderate Wildfire Risk (<70),0,Very Low Flood Risk (<5)
Cochran,2539,0.0,80.94177537384665,33.6042,-102.8285,0,Moderate Wildfire Risk (<70),0,Very Low Flood Risk (<5)
Coke,3276,0.0,90.0413617562838,31.8886,-100.53,0,Moderate Wildfire Risk (<70),0,Very Low Flood Risk (<5)
Coleman,7673,0.0,81.41902640789054,31.7732,-99.4536,0,Moderate Wildfire Risk (<70),0,Very Low Flood Risk (<5)
Collin,1063649,0.0,86.63697104677061,33.188,-96.5724,1,Very High Wildfire Risk (>90),3,Moderate Low Flood Risk (<10)
Collingsworth,2652,0.0,84.282532612154,34.9648,-100.27,0,Moderate Wildfire Risk (<70),0,Very Low Flood Risk (<5)
Colorado,20532,0.0,58.574610244988875,29.6208,-96.5263,0,Moderate Wildfire Risk (<70),0,Very Low Flood Risk (<5)
Comal,161300,0.0,91.98218262806236,29.8082,-98.2783,0,Moderate Wildfire Risk (<70),0,Very Low Flood Risk (<5)
Comanche,13573,0.0,95.195672923958,31.948,-98.5582,0,Moderate Wildfire Risk (<70),0,Very Low Flood Risk (<5)
Concho,2289,0.0,70.47406936048361,31.3266,-99.864,0,Moderate Wildfire Risk (<70),0,Very Low Flood Risk (<5)
Cooke,41622,0.0,95.64110722239897,33.6393,-97.2126,0,Moderate Wildfire Risk (<70),0,Very Low Flood Risk (<5)
Coryell,82841,0.0,84.72796691059497,31.3909,-97.7993,0,Moderate Wildfire Risk (<70),0,Very Low Flood Risk (<5)
Cottle,1367,0.0,67.7696468342348,34.0776,-100.2788,0,Moderate Wildfire Risk (<70),0,Very Low Flood Risk (<5)
Crane,4675,0.0,60.9608654152084,31.4286,-102.5156,0,Moderate Wildfire Risk (<70),0,Very Low Flood Risk (<5)
Crockett,3087,0.0,81.03722558065543,30.7231,-101.412,0,Moderate Wildfire Risk (<70),0,Very Low Flood Risk (<5)
Crosby,5131,0.0,73.21030862233535,33.6147,-101.3,0,Moderate Wildfire Risk (<70),0,Very Low Flood Risk (<5)
Culberson,2188,0.0,77.25103404390708,31.447,-104.5173,0,Moderate Wildfire Risk (<70),0,Very Low Flood Risk (<5)
Dallam,7070,0.0,79.7327394209354,36.2779,-102.6022,0,Moderate Wildfire Risk (<70),0,Very Low Flood Risk (<5)
Dallas,2607218,0.0,84.66433343938911,32.7666,-96.7778,1,Very High Wildfire Risk (>90),2,Moderate Flood Risk (<50)
Dallas,2607218,0.0,84.66433343938911,32.326,-87.1065,1,Very High Wildfire Risk (>90),2,Moderate Flood Risk (<50)
Dawson,12428,0.0,65.00159083678014,32.7426,-101.9476,0,Moderate Wildfire Risk (<70),0,Very Low Flood Risk (<5)
Deaf Smith,18563,0.0,84.15526566974229,34.966,-102.605,0,Moderate Wildfire Risk (<70),0,Very Low Flood Risk (<5)
Delta,5227,0.0,53.1021317212854,33.3863,-95.6723,0,Moderate Wildfire Risk (<70),0,Very Low Flood Risk (<5)
Denton,906057,0.0,97.51829462297168,33.2055,-97.1168,1,Very High Wildfire Risk (>90),3,Moderate Low Flood Risk (<10)
DeWitt,19811,0.0,74.10117721921729,29.0821,-97.3568,0,Moderate Wildfire Risk (<70),0,Very Low Flood Risk (<5)
Dickens,1761,0.0,84.0598154629335,33.6165,-100.7789,0,Moderate Wildfire Risk (<70),0,Very Low Flood Risk (<5)
Dimmit,8588,0.0,68.75596563792556,28.4226,-99.7566,0,Moderate Wildfire Risk (<70),0,Very Low Flood Risk (<5)
Donley,3257,0.0,87.78237352847597,34.9654,-100.814,0,Moderate Wildfire Risk (<70),0,Very Low Flood Risk (<5)
Duval,9819,0.0,59.14731148584154,30.3313,-81.6715,0,Moderate Wildfire Risk (<70),0,Very Low Flood Risk (<5)
Duval,9819,0.0,59.14731148584154,27.6814,-98.5089,0,Moderate Wildfire Risk (<70),0,Very Low Flood Risk (<5)
Eastland,17645,0.0,92.04581609926822,32.3271,-98.8323,0,Moderate Wildfire Risk (<70),0,Very Low Flood Risk (<5)
Ector,165100,0.0,94.4638880050907,31.8692,-102.5429,0,Moderate Wildfire Risk (<70),0,Very Low Flood Risk (<5)
Edwards,1420,0.0,82.50079541839008,29.9827,-100.3048,0,Moderate Wildfire Risk (<70),0,Very Low Flood Risk (<5)
Ellis,192122,0.0,88.16417435571108,32.3484,-96.7947,0,Moderate Wildfire Risk (<70),0,Very Low Flood Risk (<5)
El Paso,864454,0.0,77.12376710149539,31.7686,-106.2348,1,Very High Wildfire Risk (>90),3,Moderate Low Flood Risk (<10)
Erath,42536,0.0,97.45466115176583,32.2363,-98.2179,0,Moderate Wildfire Risk (<70),0,Very Low Flood Risk (<5)
Falls,16926,0.0,61.18358256442888,31.2533,-96.9359,0,Moderate Wildfire Risk (<70),0,Very Low Flood Risk (<5)
Fannin,35615,0.0,81.2599427298759,33.5938,-96.1069,0,Moderate Wildfire Risk (<70),0,Very Low Flood Risk (<5)
Fayette,24410,0.0,62.997136493795736,29.8768,-96.9198,0,Moderate Wildfire Risk (<70),0,Very Low Flood Risk (<5)
Fayette,24410,0.0,62.997136493795736,33.7212,-87.7388,0,Moderate Wildfire Risk (<70),0,Very Low Flood Risk (<5)
Fisher,3647,0.0,65.6379255488387,32.7428,-100.4022,0,Moderate Wildfire Risk (<70),0,Very Low Flood Risk (<5)
Floyd,5371,0.0,73.46484250715875,34.0724,-101.3032,0,Moderate Wildfire Risk (<70),0,Very Low Flood Risk (<5)
Foard,1095,0.0,53.67483296213808,33.9746,-99.778,0,Moderate Wildfire Risk (<70),0,Very Low Flood Risk (<5)
Fort Bend,822581,25.150905432595568,88.03690741329939,29.5275,-95.7709,1,Very High Wildfire Risk (>90),3,Moderate Low Flood Risk (<10)
Franklin,10335,0.0,65.60610881323576,34.4417,-87.8437,0,Moderate Wildfire Risk (<70),0,Very Low Flood Risk (<5)
Franklin,10335,0.0,65.60610881323576,32.1333,-91.6738,0,Moderate Wildfire Risk (<70),0,Very Low Flood Risk (<5)
Franklin,10335,0.0,65.60610881323576,29.8766,-84.8137,0,Moderate Wildfire Risk (<70),0,Very Low Flood Risk (<5)
Franklin,10335,0.0,65.60610881323576,33.1755,-95.2184,0,Moderate Wildfire Risk (<70),0,Very Low Flood Risk (<5)
Franklin,10335,0.0,65.60610881323576,31.4772,-90.8979,0,Moderate Wildfire Risk (<70),0,Very Low Flood Risk (<5)
Freestone,19384,0.0,70.15590200445433,31.7049,-96.1491,0,Moderate Wildfire Risk (<70),0,Very Low Flood Risk (<5)
Frio,18315,0.0,73.87846006999683,28.8678,-99.1082,0,Moderate Wildfire Risk (<70),0,Very Low Flood Risk (<5)
Gaines,21570,0.0,96.94559338211901,32.7408,-102.6352,0,Moderate Wildfire Risk (<70),0,Very Low Flood Risk (<5)
Galveston,350477,62.37424547283702,90.48679605472476,29.3944,-94.9642,0,Moderate Wildfire Risk (<70),1,High Flood Risk (>50)
Garza,5779,0.0,89.65956092904867,33.1799,-101.2984,0,Moderate Wildfire Risk (<70),0,Very Low Flood Risk (<5)
Gillespie,26686,0.0,88.00509067769646,30.3181,-98.9465,0,Moderate Wildfire Risk (<70),0,Very Low Flood Risk (<5)
Glasscock,1102,0.0,65.89245943366211,31.8695,-101.5208,0,Moderate Wildfire Risk (<70),0,Very Low Flood Risk (<5)
Goliad,7007,0.0,60.992682150811326,28.6571,-97.4264,0,Moderate Wildfire Risk (<70),0,Very Low Flood Risk (<5)
Gonzales,19595,0.0,77.76010181355393,29.4567,-97.4925,0,Moderate Wildfire Risk (<70),0,Very Low Flood Risk (<5)
Gray,21215,0.0,95.03658924594336,35.4012,-100.8126,0,Moderate Wildfire Risk (<70),0,Very Low Flood Risk (<5)
Grayson,135451,0.0,91.82309895004771,33.6268,-96.6777,0,Moderate Wildfire Risk (<70),0,Very Low Flood Risk (<5)
Gregg,124154,0.0,68.46961501749921,32.4805,-94.817,0,Moderate Wildfire Risk (<70),0,Very Low Flood Risk (<5)
Grimes,29203,0.0,67.83328030544065,30.5435,-95.9855,0,Moderate Wildfire Risk (<70),0,Very Low Flood Risk (<5)
Guadalupe,172522,0.0,82.78714603881642,29.5831,-97.9486,0,Moderate Wildfire Risk (<70),0,Very Low Flood Risk (<5)
Hale,32413,0.0,69.16958320076361,34.0705,-101.8269,0,Moderate Wildfire Risk (<70),0,Very Low Flood Risk (<5)
Hale,32413,0.0,69.16958320076361,32.7627,-87.6291,0,Moderate Wildfire Risk (<70),0,Very Low Flood Risk (<5)
Hall,2817,0.0,84.02799872733057,34.5308,-100.6811,0,Moderate Wildfire Risk (<70),0,Very Low Flood Risk (<5)
Hamilton,8208,0.0,84.63251670378618,30.4964,-82.9479,0,Moderate Wildfire Risk (<70),0,Very Low Flood Risk (<5)
Hamilton,8208,0.0,84.63251670378618,31.7048,-98.1107,0,Moderate Wildfire Risk (<70),0,Very Low Flood Risk (<5)
Hansford,5283,0.0,76.74196627426025,36.2774,-101.3546,0,Moderate Wildfire Risk (<70),0,Very Low Flood Risk (<5)
Hardeman,3547,0.0,67.41966274260261,34.2902,-99.7457,0,Moderate Wildfire Risk (<70),0,Very Low Flood Risk (<5)
Hardin,56129,23.13883299798793,87.52783964365254,30.3324,-94.3902,0,Moderate Wildfire Risk (<70),0,Very Low Flood Risk (<5)
Harris,4726200,73.8430583501006,87.94145720649061,29.8578,-95.3938,2,High Wildfire Risk (<90),2,Moderate Flood Risk (<50)
Harrison,68645,0.0,79.00095450206808,30.5122,-89.116,0,Moderate Wildfire Risk (<70),0,Very Low Flood Risk (<5)
Harrison,68645,0.0,79.00095450206808,32.5481,-94.3715,0,Moderate Wildfire Risk (<70),0,Very Low Flood Risk (<5)
Hartley,5380,0.0,83.1053133948457,35.84,-102.6029,0,Moderate Wildfire Risk (<70),0,Very Low Flood Risk (<5)
Haskell,5414,0.0,63.82437161947184,33.1782,-99.7303,0,Moderate Wildfire Risk (<70),0,Very Low Flood Risk (<5)
Hays,240800,0.0,92.01399936366528,30.0579,-98.0312,0,Moderate Wildfire Risk (<70),0,Very Low Flood Risk (<5)
Hemphill,3382,0.0,94.30480432707603,35.8376,-100.2706,0,Moderate Wildfire Risk (<70),0,Very Low Flood Risk (<5)
Henderson,81982,0.0,75.62838052815779,32.2119,-95.8536,0,Moderate Wildfire Risk (<70),0,Very Low Flood Risk (<5)
Hidalgo,869532,0.0,80.71905822462614,26.3969,-98.1812,1,Very High Wildfire Risk (>90),3,Moderate Low Flood Risk (<10)
Hill,35826,0.0,79.28730512249443,31.9907,-97.1324,0,Moderate Wildfire Risk (<70),0,Very Low Flood Risk (<5)
Hockley,21365,0.0,79.57365574292076,33.6076,-102.3432,0,Moderate Wildfire Risk (<70),0,Very Low Flood Risk (<5)
Hood,61567,0.0,91.0913140311804,32.4299,-97.8323,0,Moderate Wildfire Risk (<70),0,Very Low Flood Risk (<5)
Hopkins,36691,0.0,77.09195036589244,33.1496,-95.5639,0,Moderate Wildfire Risk (<70),0,Very Low Flood Risk (<5)
Houston,22033,0.0,83.29621380846325,31.1532,-85.3025,0,Moderate Wildfire Risk (<70),0,Very Low Flood Risk (<5)
Houston,22033,0.0,83.29621380846325,31.3177,-95.4227,0,Moderate Wildfire Risk (<70),0,Very Low Flood Risk (<5)
Howard,34838,0.0,93.82755329303214,32.3062,-101.4356,0,Moderate Wildfire Risk (<70),0,Very Low Flood Risk (<5)
Hudspeth,3194,0.0,49.69774101177219,31.4562,-105.3865,0,Moderate Wildfire Risk (<70),0,Very Low Flood Risk (<5)
Hunt,99916,0.0,79.41457206490614,33.1236,-96.0855,0,Moderate Wildfire Risk (<70),0,Very Low Flood Risk (<5)
Hutchinson,20595,0.0,95.67292395800192,35.84,-101.3547,0,Moderate Wildfire Risk (<70),0,Very Low Flood Risk (<5)
Irion,1511,0.0,89.9140948138721,31.3039,-100.9824,0,Moderate Wildfire Risk (<70),0,Very Low Flood Risk (<5)
Jack,8459,0.0,86.57333757556475,33.2335,-98.1725,0,Moderate Wildfire Risk (<70),0,Very Low Flood Risk (<5)
Jackson,14955,85.91549295774648,71.93763919821825,30.5425,-88.6358,0,Moderate Wildfire Risk (<70),1,High Flood Risk (>50)
Jackson,14955,85.91549295774648,71.93763919821825,34.7795,-85.9994,0,Moderate Wildfire Risk (<70),1,High Flood Risk (>50)
Jackson,14955,85.91549295774648,71.93763919821825,30.7954,-85.2155,0,Moderate Wildfire Risk (<70),1,High Flood Risk (>50)
Jackson,14955,85.91549295774648,71.93763919821825,28.9542,-96.5776,0,Moderate Wildfire Risk (<70),1,High Flood Risk (>50)
Jackson,14955,85.91549295774648,71.93763919821825,32.302,-92.5578,0,Moderate Wildfire Risk (<70),1,High Flood Risk (>50)
Jasper,32905,20.12072434607646,86.92332166719694,30.744,-94.0251,0,Moderate Wildfire Risk (<70),0,Very Low Flood Risk (<5)
Jasper,32905,20.12072434607646,86.92332166719694,32.0191,-89.1189,0,Moderate Wildfire Risk (<70),0,Very Low Flood Risk (<5)
Jeff Davis,1996,0.0,89.97772828507793,30.7154,-104.14,0,Moderate Wildfire Risk (<70),0,Very Low Flood Risk (<5)
Jefferson,256386,45.87525150905433,95.8001909004136,33.5543,-86.8964,0,Moderate Wildfire Risk (<70),1,High Flood Risk (>50)
Jefferson,256386,45.87525150905433,95.8001909004136,29.7882,-90.1276,0,Moderate Wildfire Risk (<70),1,High Flood Risk (>50)
Jefferson,256386,45.87525150905433,95.8001909004136,29.8841,-94.1629,0,Moderate Wildfire Risk (<70),1,High Flood Risk (>50)
Jefferson,256386,45.87525150905433,95.8001909004136,30.4375,-83.8953,0,Moderate Wildfire Risk (<70),1,High Flood Risk (>50)
Jefferson,256386,45.87525150905433,95.8001909004136,31.7342,-91.0373,0,Moderate Wildfire Risk (<70),1,High Flood Risk (>50)
Jim Hogg,4819,0.0,63.188036907413306,27.0434,-98.6973,0,Moderate Wildfire Risk (<70),0,Very Low Flood Risk (<5)
Jim Wells,38813,0.0,69.04231625835189,27.7314,-98.0899,0,Moderate Wildfire Risk (<70),0,Very Low Flood Risk (<5)
Johnson,179719,0.0,95.70474069360483,32.379,-97.3665,0,Moderate Wildfire Risk (<70),0,Very Low Flood Risk (<5)
Jones,19599,0.0,84.25071587655107,31.6225,-89.1688,0,Moderate Wildfire Risk (<70),0,Very Low Flood Risk (<5)
Jones,19599,0.0,84.25071587655107,32.7399,-99.8788,0,Moderate Wildfire Risk (<70),0,Very Low Flood Risk (<5)
Karnes,14673,0.0,67.61056315622017,28.9057,-97.8594,0,Moderate Wildfire Risk (<70),0,Very Low Flood Risk (<5)
Kaufman,145255,0.0,84.4097995545657,32.5993,-96.2878,0,Moderate Wildfire Risk (<70),0,Very Low Flood Risk (<5)
Kendall,44221,0.0,88.92777601018136,29.9447,-98.7115,0,Moderate Wildfire Risk (<70),0,Very Low Flood Risk (<5)
Kenedy,345,0.0,55.96563792554884,26.9285,-97.7017,0,Moderate Wildfire Risk (<70),0,Very Low Flood Risk (<5)
Kent,741,0.0,74.00572701240851,33.1813,-100.7776,0,Moderate Wildfire Risk (<70),0,Very Low Flood Risk (<5)
Kerr,52529,0.0,87.97327394209354,30.0615,-99.35,0,Moderate Wildfire Risk (<70),0,Very Low Flood Risk (<5)
Kimble,4271,0.0,82.34171174037543,30.4868,-99.7487,0,Moderate Wildfire Risk (<70),0,Very Low Flood Risk (<5)
King,262,0.0,59.49729557747375,33.6165,-100.2558,0,Moderate Wildfire Risk (<70),0,Very Low Flood Risk (<5)
Kinney,3126,0.0,29.68501431753102,29.3502,-100.418,0,Moderate Wildfire Risk (<70),0,Very Low Flood Risk (<5)
Kleberg,30907,57.14285714285714,73.30575882914412,27.4337,-97.7273,0,Moderate Wildfire Risk (<70),1,High Flood Risk (>50)
Knox,3353,0.0,58.25644288895959,33.6061,-99.7414,0,Moderate Wildfire Risk (<70),0,Very Low Flood Risk (<5)
Lamar,50073,0.0,90.90041361756285,31.206,-89.5087,0,Moderate Wildfire Risk (<70),0,Very Low Flood Risk (<5)
Lamar,50073,0.0,90.90041361756285,33.6673,-95.5712,0,Moderate Wildfire Risk (<70),0,Very Low Flood Risk (<5)
Lamar,50073,0.0,90.90041361756285,33.7791,-88.097,0,Moderate Wildfire Risk (<70),0,Very Low Flood Risk (<5)
Lamb,13016,0.0,80.46452433980274,34.0686,-102.3517,0,Moderate Wildfire Risk (<70),0,Very Low Flood Risk (<5)
Lampasas,21627,0.0,87.33693923003501,31.1962,-98.2415,0,Moderate Wildfire Risk (<70),0,Very Low Flood Risk (<5)
La Salle,6631,0.0,72.25580655424754,28.3452,-99.0996,0,Moderate Wildfire Risk (<70),0,Very Low Flood Risk (<5)
Lavaca,20309,0.0,55.42475342029908,29.3843,-96.9302,0,Moderate Wildfire Risk (<70),0,Very Low Flood Risk (<5)
Lee,17463,0.0,58.54279350938594,26.578,-81.8332,0,Moderate Wildfire Risk (<70),0,Very Low Flood Risk (<5)
Lee,17463,0.0,58.54279350938594,32.6011,-85.3555,0,Moderate Wildfire Risk (<70),0,Very Low Flood Risk (<5)
Lee,17463,0.0,58.54279350938594,34.2899,-88.6804,0,Moderate Wildfire Risk (<70),0,Very Low Flood Risk (<5)
Lee,17463,0.0,58.54279350938594,30.3107,-96.9657,0,Moderate Wildfire Risk (<70),0,Very Low Flood Risk (<5)
Leon,15666,0.0,68.24689786827871,30.458,-84.2779,0,Moderate Wildfire Risk (<70),0,Very Low Flood Risk (<5)
Leon,15666,0.0,68.24689786827871,31.2965,-95.9957,0,Moderate Wildfire Risk (<70),0,Very Low Flood Risk (<5)
Liberty,91492,31.790744466800803,90.29589564110722,30.1516,-94.8122,0,Moderate Wildfire Risk (<70),0,Very Low Flood Risk (<5)
Liberty,91492,31.790744466800803,90.29589564110722,30.2413,-84.8829,0,Moderate Wildfire Risk (<70),0,Very Low Flood Risk (<5)
Limestone,22127,0.0,73.17849188673242,34.8101,-86.9814,0,Moderate Wildfire Risk (<70),0,Very Low Flood Risk (<5)
Limestone,22127,0.0,73.17849188673242,31.5455,-96.5805,0,Moderate Wildfire Risk (<70),0,Very Low Flood Risk (<5)
Lipscomb,3059,0.0,85.33248488705057,36.2776,-100.2731,0,Moderate Wildfire Risk (<70),0,Very Low Flood Risk (<5)
Live Oak,11305,0.0,44.35252943048043,28.3514,-98.1248,0,Moderate Wildfire Risk (<70),0,Very Low Flood Risk (<5)
Llano,21199,0.0,81.19630925867007,30.7058,-98.6841,0,Moderate Wildfire Risk (<70),0,Very Low Flood Risk (<5)
Loving,64,0.0,10.022271714922049,31.8493,-103.58,0,Moderate Wildfire Risk (<70),0,Very Low Flood Risk (<5)
Lubbock,309719,0.0,88.64142538975501,33.6102,-101.8205,0,Moderate Wildfire Risk (<70),0,Very Low Flood Risk (<5)
Lynn,5545,0.0,64.68342348075088,33.1768,-101.8161,0,Moderate Wildfire Risk (<70),0,Very Low Flood Risk (<5)
McCulloch,7611,0.0,75.59656379255489,31.1989,-99.3475,0,Moderate Wildfire Risk (<70),0,Very Low Flood Risk (<5)
McLennan,260302,0.0,88.13235762010818,31.5524,-97.2018,0,Moderate Wildfire Risk (<70),0,Very Low Flood Risk (<5)
McMullen,600,0.0,42.69805917912822,28.3526,-98.5679,0,Moderate Wildfire Risk (<70),0,Very Low Flood Risk (<5)
Madison,13446,0.0,63.156220171810375,34.7631,-86.5502,0,Moderate Wildfire Risk (<70),0,Very Low Flood Risk (<5)
Madison,13446,0.0,63.156220171810375,32.6347,-90.0337,0,Moderate Wildfire Risk (<70),0,Very Low Flood Risk (<5)
Madison,13446,0.0,63.156220171810375,30.4441,-83.4701,0,Moderate Wildfire Risk (<70),0,Very Low Flood Risk (<5)
Madison,13446,0.0,63.156220171810375,30.9655,-95.9284,0,Moderate Wildfire Risk (<70),0,Very Low Flood Risk (<5)
Madison,13446,0.0,63.156220171810375,32.3644,-91.2427,0,Moderate Wildfire Risk (<70),0,Very Low Flood Risk (<5)
Marion,9713,0.0,46.96150174992046,29.2102,-82.0567,0,Moderate Wildfire Risk (<70),0,Very Low Flood Risk (<5)
Marion,9713,0.0,46.96150174992046,34.1366,-87.8871,0,Moderate Wildfire Risk (<70),0,Very Low Flood Risk (<5)
Marion,9713,0.0,46.96150174992046,31.2308,-89.8224,0,Moderate Wildfire Risk (<70),0,Very Low Flood Risk (<5)
Marion,9713,0.0,46.96150174992046,32.798,-94.3572,0,Moderate Wildfire Risk (<70),0,Very Low Flood Risk (<5)
Martin,5229,0.0,80.24180719058225,27.0775,-80.4315,0,Moderate Wildfire Risk (<70),0,Very Low Flood Risk (<5)
Martin,5229,0.0,80.24180719058225,32.306,-101.9513,0,Moderate Wildfire Risk (<70),0,Very Low Flood Risk (<5)
Mason,3946,0.0,71.42857142857143,30.7177,-99.2261,0,Moderate Wildfire Risk (<70),0,Very Low Flood Risk (<5)
Matagorda,36214,60.56338028169014,76.6783328030544,28.8212,-96.011,0,Moderate Wildfire Risk (<70),1,High Flood Risk (>50)
Maverick,57872,0.0,64.04708876869233,28.7426,-100.3145,0,Moderate Wildfire Risk (<70),0,Very Low Flood Risk (<5)
Medina,49586,0.0,86.2869869551384,29.3557,-99.1101,0,Moderate Wildfire Risk (<70),0,Very Low Flood Risk (<5)
Menard,1956,0.0,74.13299395482022,30.8898,-99.8206,0,Moderate Wildfire Risk (<70),0,Very Low Flood Risk (<5)
Midland,169849,0.0,97.96372892141265,31.8691,-102.0316,0,Moderate Wildfire Risk (<70),0,Very Low Flood Risk (<5)
Milam,24623,0.0,70.9195036589246,30.7863,-96.9768,0,Moderate Wildfire Risk (<70),0,Very Low Flood Risk (<5)
Mills,4448,0.0,79.19185491568565,31.4952,-98.5954,0,Moderate Wildfire Risk (<70),0,Very Low Flood Risk (<5)
Mitchell,8970,0.0,90.391345847916,32.3062,-100.9211,0,Moderate Wildfire Risk (<70),0,Very Low Flood Risk (<5)
Montague,19947,0.0,93.63665287941457,33.6757,-97.7246,0,Moderate Wildfire Risk (<70),0,Very Low Flood Risk (<5)
Montgomery,620016,0.0,84.5370664969774,30.3002,-95.503,0,Moderate Wildfire Risk (<70),3,Moderate Low Flood Risk (<10)
Montgomery,620016,0.0,84.5370664969774,32.2203,-86.2076,0,Moderate Wildfire Risk (<70),3,Moderate Low Flood Risk (<10)
Montgomery,620016,0.0,84.5370664969774,33.4941,-89.6164,0,Moderate Wildfire Risk (<70),3,Moderate Low Flood Risk (<10)
Moore,21335,0.0,87.65510658606425,35.8377,-101.893,0,Moderate Wildfire Risk (<70),0,Very Low Flood Risk (<5)
Morris,11941,0.0,88.51415844734329,33.1135,-94.7326,0,Moderate Wildfire Risk (<70),0,Very Low Flood Risk (<5)
Motley,1063,0.0,84.8552338530067,34.0741,-100.7798,0,Moderate Wildfire Risk (<70),0,Very Low Flood Risk (<5)
Nacogdoches,64450,0.0,94.81387209672287,31.616,-94.6159,0,Moderate Wildfire Risk (<70),0,Very Low Flood Risk (<5)
Navarro,52568,0.0,82.81896277441935,32.047,-96.4725,0,Moderate Wildfire Risk (<70),0,Very Low Flood Risk (<5)
Newton,12151,22.53521126760564,76.48743238943683,32.4002,-89.1188,0,Moderate Wildfire Risk (<70),0,Very Low Flood Risk (<5)
Newton,12151,22.53521126760564,76.48743238943683,30.7863,-93.7448,0,Moderate Wildfire Risk (<70),0,Very Low Flood Risk (<5)
Nolan,14710,0.0,90.58224626153357,32.3035,-100.406,0,Moderate Wildfire Risk (<70),0,Very Low Flood Risk (<5)
Nueces,352623,93.56136820925552,72.92395800190899,27.7254,-97.6134,0,Moderate Wildfire Risk (<70),1,High Flood Risk (>50)
Ochiltree,10012,0.0,81.10085905186128,36.2784,-100.8157,0,Moderate Wildfire Risk (<70),0,Very Low Flood Risk (<5)
Oldham,1739,0.0,65.31975819280942,35.405,-102.6028,0,Moderate Wildfire Risk (<70),0,Very Low Flood Risk (<5)
Orange,84645,49.899396378269614,93.89118676423799,28.5144,-81.3235,0,Moderate Wildfire Risk (<70),1,High Flood Risk (>50)
Orange,84645,49.899396378269614,93.89118676423799,30.1213,-93.8939,0,Moderate Wildfire Risk (<70),1,High Flood Risk (>50)
Palo Pinto,28396,0.0,90.13681196309257,32.7532,-98.313,0,Moderate Wildfire Risk (<70),0,Very Low Flood Risk (<5)
Panola,22480,0.0,76.01018135539293,34.3639,-89.9506,0,Moderate Wildfire Risk (<70),0,Very Low Flood Risk (<5)
Panola,22480,0.0,76.01018135539293,32.1624,-94.3056,0,Moderate Wildfire Risk (<70),0,Very Low Flood Risk (<5)
Parker,148033,0.0,97.93191218580972,32.7776,-97.8051,0,Moderate Wildfire Risk (<70),0,Very Low Flood Risk (<5)
Parmer,9859,0.0,71.55583837098314,34.5301,-102.7845,0,Moderate Wildfire Risk (<70),0,Very Low Flood Risk (<5)
Pecos,15175,0.0,68.8195991091314,30.781,-102.7235,0,Moderate Wildfire Risk (<70),0,Very Low Flood Risk (<5)
Polk,49569,0.0,83.04167992363982,27.9489,-81.6976,0,Moderate Wildfire Risk (<70),0,Very Low Flood Risk (<5)
Polk,49569,0.0,83.04167992363982,30.7927,-94.83,0,Moderate Wildfire Risk (<70),0,Very Low Flood Risk (<5)
Potter,118502,0.0,93.47756920139992,35.4013,-101.8939,0,Moderate Wildfire Risk (<70),0,Very Low Flood Risk (<5)
Presidio,6114,0.0,85.8097359210945,29.9998,-104.2405,0,Moderate Wildfire Risk (<70),0,Very Low Flood Risk (<5)
Rains,12154,0.0,57.36557429207764,32.8703,-95.7934,0,Moderate Wildfire Risk (<70),0,Very Low Flood Risk (<5)
Randall,140728,0.0,96.21380846325167,34.9659,-101.897,0,Moderate Wildfire Risk (<70),0,Very Low Flood Risk (<5)
Reagan,3366,0.0,67.1651288577792,31.3662,-101.5231,0,Moderate Wildfire Risk (<70),0,Very Low Flood Risk (<5)
Real,2757,0.0,76.77378300986318,29.8318,-99.8222,0,Moderate Wildfire Risk (<70),0,Very Low Flood Risk (<5)
Red River,11567,0.0,61.151765828825965,33.6207,-95.0503,0,Moderate Wildfire Risk (<70),0,Very Low Flood Risk (<5)
Red River,11567,0.0,61.151765828825965,32.0931,-93.3398,0,Moderate Wildfire Risk (<70),0,Very Low Flood Risk (<5)
Reeves,14701,0.0,63.91982182628062,31.323,-103.693,0,Moderate Wildfire Risk (<70),0,Very Low Flood Risk (<5)
Refugio,6741,62.97786720321932,49.34775692013999,28.3253,-97.1656,0,Moderate Wildfire Risk (<70),1,High Flood Risk (>50)
Roberts,826,0.0,77.18740057270124,35.8384,-100.8136,0,Moderate Wildfire Risk (<70),0,Very Low Flood Risk (<5)
Robertson,16721,0.0,60.76996500159084,31.027,-96.5129,0,Moderate Wildfire Risk (<70),0,Very Low Flood Risk (<5)
Rockwall,107791,0.0,73.08304167992365,32.8978,-96.4079,0,Moderate Wildfire Risk (<70),0,Very Low Flood Risk (<5)
Runnels,9874,0.0,79.06458797327393,31.8311,-99.9762,0,Moderate Wildfire Risk (<70),0,Very Low Flood Risk (<5)
Rusk,52076,0.0,80.05090677696467,32.1077,-94.7618,0,Moderate Wildfire Risk (<70),0,Very Low Flood Risk (<5)
Sabine,9848,0.0,64.46070633153039,31.564,-93.5547,0,Moderate Wildfire Risk (<70),0,Very Low Flood Risk (<5)
Sabine,9848,0.0,64.46070633153039,31.3432,-93.8518,0,Moderate Wildfire Risk (<70),0,Very Low Flood Risk (<5)
San Augustine,7902,0.0,58.892777601018125,31.3942,-94.1682,0,Moderate Wildfire Risk (<70),0,Very Low Flood Risk (<5)
San Jacinto,27373,0.0,75.91473114858414,30.5795,-95.1669,0,Moderate Wildfire Risk (<70),0,Very Low Flood Risk (<5)
San Patricio,68653,86.92152917505031,59.33821189945911,28.0092,-97.5188,0,Moderate Wildfire Risk (<70),1,High Flood Risk (>50)
San Saba,5728,0.0,77.3783009863188,31.1552,-98.8176,0,Moderate Wildfire Risk (<70),0,Very Low Flood Risk (<5)
Schleicher,2448,0.0,88.45052497613744,30.8974,-100.5383,0,Moderate Wildfire Risk (<70),0,Very Low Flood Risk (<5)
Scurry,16902,0.0,93.95482023544383,32.7463,-100.9164,0,Moderate Wildfire Risk (<70),0,Very Low Flood Risk (<5)
Shackelford,3100,0.0,86.09608654152083,32.7359,-99.354,0,Moderate Wildfire Risk (<70),0,Very Low Flood Risk (<5)
Shelby,23936,0.0,73.27394209354118,33.2643,-86.6607,0,Moderate Wildfire Risk (<70),0,Very Low Flood Risk (<5)
Shelby,23936,0.0,73.27394209354118,31.7924,-94.145,0,Moderate Wildfire Risk (<70),0,Very Low Flood Risk (<5)
Sherman,2781,0.0,68.15144766146993,36.2777,-101.8934,0,Moderate Wildfire Risk (<70),0,Very Low Flood Risk (<5)
Smith,233253,0.0,83.16894686605154,32.375,-95.2692,0,Moderate Wildfire Risk (<70),0,Very Low Flood Risk (<5)
Smith,233253,0.0,83.16894686605154,32.0177,-89.5067,0,Moderate Wildfire Risk (<70),0,Very Low Flood Risk (<5)
Somervell,9202,0.0,85.7142857142857,32.2222,-97.7746,0,Moderate Wildfire Risk (<70),0,Very Low Flood Risk (<5)
Starr,65565,0.0,71.3967546929685,26.5621,-98.7387,0,Moderate Wildfire Risk (<70),0,Very Low Flood Risk (<5)
Stephens,9089,0.0,80.27362392618518,32.7359,-98.8362,0,Moderate Wildfire Risk (<70),0,Very Low Flood Risk (<5)
Sterling,1371,0.0,82.91441298122812,31.8278,-101.0501,0,Moderate Wildfire Risk (<70),0,Very Low Flood Risk (<5)
Stonewall,1245,0.0,75.43748011454025,33.1792,-100.2534,0,Moderate Wildfire Risk (<70),0,Very Low Flood Risk (<5)
Sutton,3362,0.0,91.02768055997454,30.4984,-100.5382,0,Moderate Wildfire Risk (<70),0,Very Low Flood Risk (<5)
Swisher,6962,0.0,74.29207763283486,34.5304,-101.735,0,Moderate Wildfire Risk (<70),0,Very Low Flood Risk (<5)
Tarrant,2106939,0.0,95.32293986636972,32.7719,-97.2911,1,Very High Wildfire Risk (>90),3,Moderate Low Flood Risk (<10)
Taylor,143142,0.0,94.84568883232579,32.3015,-99.8901,0,Moderate Wildfire Risk (<70),0,Very Low Flood Risk (<5)
Taylor,143142,0.0,94.84568883232579,30.047,-83.6035,0,Moderate Wildfire Risk (<70),0,Very Low Flood Risk (<5)
Terrell,757,0.0,33.439389118676424,30.225,-102.0765,0,Moderate Wildfire Risk (<70),0,Very Low Flood Risk (<5)
Terry,11818,0.0,63.63347120585428,33.1738,-102.3352,0,Moderate Wildfire Risk (<70),0,Very Low Flood Risk (<5)
Throckmorton,1440,0.0,74.54661151765829,33.1775,-99.2123,0,Moderate Wildfire Risk (<70),0,Very Low Flood Risk (<5)
Titus,31242,0.0,79.31912185809736,33.2166,-94.9657,0,Moderate Wildfire Risk (<70),0,Very Low Flood Risk (<5)
Tom Green,119849,0.0,96.53197581928094,31.4044,-100.4621,0,Moderate Wildfire Risk (<70),0,Very Low Flood Risk (<5)
Travis,1285769,0.0,93.28666878778238,30.3344,-97.782,1,Very High Wildfire Risk (>90),3,Moderate Low Flood Risk (<10)
Trinity,13573,0.0,76.80559974546611,31.0888,-95.1355,0,Moderate Wildfire Risk (<70),0,Very Low Flood Risk (<5)
Tyler,19755,0.0,89.3413935730194,30.7712,-94.3766,0,Moderate Wildfire Risk (<70),0,Very Low Flood Risk (<5)
Upshur,40809,0.0,81.54629335030225,32.7363,-94.9415,0,Moderate Wildfire Risk (<70),0,Very Low Flood Risk (<5)
Upton,3308,0.0,55.520203627107854,31.3688,-102.0431,0,Moderate Wildfire Risk (<70),0,Very Low Flood Risk (<5)
Uvalde,24512,0.0,82.97804645243399,29.3573,-99.7622,0,Moderate Wildfire Risk (<70),0,Very Low Flood Risk (<5)
Val Verde,47488,0.0,81.22812599427297,29.8929,-101.1517,0,Moderate Wildfire Risk (<70),0,Very Low Flood Risk (<5)
Van Zandt,59476,0.0,74.99204581609926,32.5637,-95.8365,0,Moderate Wildfire Risk (<70),0,Very Low Flood Risk (<5)
Victoria,91218,39.03420523138833,81.1326757874642,28.7964,-96.9715,0,Moderate Wildfire Risk (<70),1,High Flood Risk (>50)
Walker,76299,0.0,85.8415526566974,30.739,-95.5723,0,Moderate Wildfire Risk (<70),0,Very Low Flood Risk (<5)
Walker,76299,0.0,85.8415526566974,33.8033,-87.2973,0,Moderate Wildfire Risk (<70),0,Very Low Flood Risk (<5)
Waller,56764,0.0,76.93286668787782,30.0108,-95.9876,0,Moderate Wildfire Risk (<70),0,Very Low Flood Risk (<5)
Ward,11622,0.0,82.65987909640471,31.5095,-103.1025,0,Moderate Wildfire Risk (<70),0,Very Low Flood Risk (<5)
Washington,35781,0.0,62.32898504613426,30.8533,-90.0405,0,Moderate Wildfire Risk (<70),0,Very Low Flood Risk (<5)
Washington,35781,0.0,62.32898504613426,33.2839,-90.9474,0,Moderate Wildfire Risk (<70),0,Very Low Flood Risk (<5)
Washington,35781,0.0,62.32898504613426,30.2145,-96.4034,0,Moderate Wildfire Risk (<70),0,Very Low Flood Risk (<5)
Washington,35781,0.0,62.32898504613426,30.6106,-85.6653,0,Moderate Wildfire Risk (<70),0,Very Low Flood Risk (<5)
Washington,35781,0.0,62.32898504613426,31.4076,-88.2079,0,Moderate Wildfire Risk (<70),0,Very Low Flood Risk (<5)
Webb,266380,0.0,71.46038816417436,27.7611,-99.3315,0,Moderate Wildfire Risk (<70),0,Very Low Flood Risk (<5)
Wharton,41544,0.0,67.22876232898504,29.2779,-96.2221,0,Moderate Wildfire Risk (<70),0,Very Low Flood Risk (<5)
Wheeler,4983,0.0,93.85937002863504,35.4012,-100.2698,0,Moderate Wildfire Risk (<70),0,Very Low Flood Risk (<5)
Wichita,129191,0.0,92.74578428253261,33.988,-98.7035,0,Moderate Wildfire Risk (<70),0,Very Low Flood Risk (<5)
Wilbarger,12869,0.0,71.01495386573337,34.0808,-99.241,0,Moderate Wildfire Risk (<70),0,Very Low Flood Risk (<5)
Willacy,19979,64.38631790744465,40.18453706649698,26.4693,-97.6632,0,Moderate Wildfire Risk (<70),1,High Flood Risk (>50)
Williamson,608015,0.0,94.17753738466432,30.6475,-97.6004,0,Moderate Wildfire Risk (<70),3,Moderate Low Flood Risk (<10)
Wilson,49651,0.0,78.84187082405344,29.174,-98.0866,0,Moderate Wildfire Risk (<70),0,Very Low Flood Risk (<5)
Winkler,7780,0.0,60.89723194400255,31.8501,-103.0483,0,Moderate Wildfire Risk (<70),0,Very Low Flood Risk (<5)
Wise,68550,0.0,97.10467706013361,33.2159,-97.6545,0,Moderate Wildfire Risk (<70),0,Very Low Flood Risk (<5)
Wood,44798,0.0,76.07381482659878,32.7864,-95.3821,0,Moderate Wildfire Risk (<70),0,Very Low Flood Risk (<5)
Yoakum,7671,0.0,90.9958638243716,33.173,-102.8278,0,Moderate Wildfire Risk (<70),0,Very Low Flood Risk (<5)
Young,17845,0.0,90.55042952593065,33.1766,-98.6878,0,Moderate Wildfire Risk (<70),0,Very Low Flood Risk (<5)
Zapata,13865,0.0,72.28762328985046,27.0008,-99.1686,0,Moderate Wildfire Risk (<70),0,Very Low Flood Risk (<5)
Zavala,9653,0.0,54.15208399618199,28.8662,-99.7605,0,Moderate Wildfire Risk (<70),0,Very Low Flood Risk (<5)
Acadia,57475,27.16297786720322,72.19217308304168,30.2906,-92.412,0,Moderate Wildfire Risk (<70),0,Very Low Flood Risk (<5)
Allen,22708,21.730382293762577,79.76455615653833,30.653,-92.828,0,Moderate Wildfire Risk (<70),0,Very Low Flood Risk (<5)
Ascension,126426,83.09859154929578,49.02958956411072,30.2036,-90.9113,0,Moderate Wildfire Risk (<70),1,High Flood Risk (>50)
Assumption,21017,77.46478873239437,8.654152083996182,29.9024,-91.0608,0,Moderate Wildfire Risk (<70),1,High Flood Risk (>50)
Avoyelles,39654,0.0,62.90168628698696,31.0763,-92.0014,0,Moderate Wildfire Risk (<70),0,Very Low Flood Risk (<5)
Beauregard,36508,18.51106639839034,88.73687559656379,30.6486,-93.3432,0,Moderate Wildfire Risk (<70),0,Very Low Flood Risk (<5)
Bienville,12958,0.0,16.32198536430162,32.3473,-93.0561,0,Moderate Wildfire Risk (<70),0,Very Low Flood Risk (<5)
Bossier,128536,0.0,33.78937321030862,32.6784,-93.6049,0,Moderate Wildfire Risk (<70),0,Very Low Flood Risk (<5)
Caddo,237695,0.0,59.46547884187082,32.5806,-93.8823,0,Moderate Wildfire Risk (<70),0,Very Low Flood Risk (<5)
Calcasieu,216652,52.716297786720325,94.78205536111999,30.2293,-93.3581,0,Moderate Wildfire Risk (<70),1,High Flood Risk (>50)
Caldwell,9627,0.0,22.844416162901688,29.8368,-97.6199,0,Moderate Wildfire Risk (<70),0,Very Low Flood Risk (<5)
Caldwell,9627,0.0,22.844416162901688,32.0925,-92.1166,0,Moderate Wildfire Risk (<70),0,Very Low Flood Risk (<5)
Cameron,5615,53.72233400402414,92.71396754692968,26.1332,-97.5186,0,Moderate Wildfire Risk (<70),1,High Flood Risk (>50)
Cameron,5615,53.72233400402414,92.71396754692968,29.8754,-93.1937,0,Moderate Wildfire Risk (<70),1,High Flood Risk (>50)
Catahoula,8891,0.0,30.19408208717785,31.6662,-91.847,0,Moderate Wildfire Risk (<70),0,Very Low Flood Risk (<5)
Claiborne,14160,0.0,14.381164492523066,32.8227,-92.9958,0,Moderate Wildfire Risk (<70),0,Very Low Flood Risk (<5)
Claiborne,14160,0.0,14.381164492523066,31.9737,-90.9118,0,Moderate Wildfire Risk (<70),0,Very Low Flood Risk (<5)
Concordia,18648,0.0,23.639834552974865,31.4459,-91.6401,0,Moderate Wildfire Risk (<70),0,Very Low Flood Risk (<5)
De Soto,26713,0.0,56.09290486796055,32.0554,-93.7373,0,Moderate Wildfire Risk (<70),0,Very Low Flood Risk (<5)
East Baton Rouge,456512,75.05030181086518,47.34330257715558,30.5383,-91.0956,0,Moderate Wildfire Risk (<70),1,High Flood Risk (>50)
East Carroll,7455,0.0,5.599745466115177,32.7325,-91.235,0,Moderate Wildfire Risk (<70),0,Very Low Flood Risk (<5)
East Feliciana,19513,0.0,34.83932548520522,30.8451,-91.0455,0,Moderate Wildfire Risk (<70),0,Very Low Flood Risk (<5)
Evangeline,32319,0.0,75.27839643652561,30.7289,-92.4059,0,Moderate Wildfire Risk (<70),0,Very Low Flood Risk (<5)
Franklin,19763,0.0,29.39866369710468,34.4417,-87.8437,0,Moderate Wildfire Risk (<70),0,Very Low Flood Risk (<5)
Franklin,19763,0.0,29.39866369710468,32.1333,-91.6738,0,Moderate Wildfire Risk (<70),0,Very Low Flood Risk (<5)
Franklin,19763,0.0,29.39866369710468,29.8766,-84.8137,0,Moderate Wildfire Risk (<70),0,Very Low Flood Risk (<5)
Franklin,19763,0.0,29.39866369710468,33.1755,-95.2184,0,Moderate Wildfire Risk (<70),0,Very Low Flood Risk (<5)
Franklin,19763,0.0,29.39866369710468,31.4772,-90.8979,0,Moderate Wildfire Risk (<70),0,Very Low Flood Risk (<5)
Grant,22122,0.0,42.15717467387846,31.5997,-92.5595,0,Moderate Wildfire Risk (<70),0,Very Low Flood Risk (<5)
Iberia,69859,67.6056338028169,34.77569201399937,29.8967,-91.7308,0,Moderate Wildfire Risk (<70),1,High Flood Risk (>50)
Iberville,30214,70.02012072434609,16.035634743875278,30.2586,-91.3495,0,Moderate Wildfire Risk (<70),1,High Flood Risk (>50)
Jackson,15021,0.0,16.44925230671333,30.5425,-88.6358,0,Moderate Wildfire Risk (<70),0,Very Low Flood Risk (<5)
Jackson,15021,0.0,16.44925230671333,34.7795,-85.9994,0,Moderate Wildfire Risk (<70),0,Very Low Flood Risk (<5)
Jackson,15021,0.0,16.44925230671333,30.7954,-85.2155,0,Moderate Wildfire Risk (<70),0,Very Low Flood Risk (<5)
Jackson,15021,0.0,16.44925230671333,28.9542,-96.5776,0,Moderate Wildfire Risk (<70),0,Very Low Flood Risk (<5)
Jackson,15021,0.0,16.44925230671333,32.302,-92.5578,0,Moderate Wildfire Risk (<70),0,Very Low Flood Risk (<5)
Jefferson,440590,96.17706237424545,48.6477887368756,33.5543,-86.8964,0,Moderate Wildfire Risk (<70),1,High Flood Risk (>50)
Jefferson,440590,96.17706237424545,48.6477887368756,29.7882,-90.1276,0,Moderate Wildfire Risk (<70),1,High Flood Risk (>50)
Jefferson,440590,96.17706237424545,48.6477887368756,29.8841,-94.1629,0,Moderate Wildfire Risk (<70),1,High Flood Risk (>50)
Jefferson,440590,96.17706237424545,48.6477887368756,30.4375,-83.8953,0,Moderate Wildfire Risk (<70),1,High Flood Risk (>50)
Jefferson,440590,96.17706237424545,48.6477887368756,31.7342,-91.0373,0,Moderate Wildfire Risk (<70),1,High Flood Risk (>50)
Jefferson Davis,32235,26.358148893360163,79.66910594972956,30.2677,-92.8141,0,Moderate Wildfire Risk (<70),0,Very Low Flood Risk (<5)
Jefferson Davis,32235,26.358148893360163,79.66910594972956,31.5697,-89.823,0,Moderate Wildfire Risk (<70),0,Very Low Flood Risk (<5)
Lafayette,241618,30.382293762575447,66.43334393891188,30.2068,-92.0639,0,Moderate Wildfire Risk (<70),0,Very Low Flood Risk (<5)
Lafayette,241618,30.382293762575447,66.43334393891188,34.3568,-89.4849,0,Moderate Wildfire Risk (<70),0,Very Low Flood Risk (<5)
Lafayette,241618,30.382293762575447,66.43334393891188,29.9855,-83.1811,0,Moderate Wildfire Risk (<70),0,Very Low Flood Risk (<5)
Lafourche,97393,81.48893360160966,36.27107858733695,29.5662,-90.4256,0,Moderate Wildfire Risk (<70),1,High Flood Risk (>50)
LaSalle,14762,0.0,19.503658924594337,31.6769,-92.1605,0,Moderate Wildfire Risk (<70),0,Very Low Flood Risk (<5)
Lincoln,48370,0.0,28.189627744193444,32.6016,-92.6649,0,Moderate Wildfire Risk (<70),0,Very Low Flood Risk (<5)
Lincoln,48370,0.0,28.189627744193444,31.5324,-90.454,0,Moderate Wildfire Risk (<70),0,Very Low Flood Risk (<5)
Livingston,142163,83.50100603621729,54.9793191218581,30.4401,-90.7279,0,Moderate Wildfire Risk (<70),1,High Flood Risk (>50)
Madison,10010,0.0,5.408845052497614,34.7631,-86.5502,0,Moderate Wildfire Risk (<70),0,Very Low Flood Risk (<5)
Madison,10010,0.0,5.408845052497614,32.6347,-90.0337,0,Moderate Wildfire Risk (<70),0,Very Low Flood Risk (<5)
Madison,10010,0.0,5.408845052497614,30.4441,-83.4701,0,Moderate Wildfire Risk (<70),0,Very Low Flood Risk (<5)
Madison,10010,0.0,5.408845052497614,30.9655,-95.9284,0,Moderate Wildfire Risk (<70),0,Very Low Flood Risk (<5)
Madison,10010,0.0,5.408845052497614,32.3644,-91.2427,0,Moderate Wildfire Risk (<70),0,Very Low Flood Risk (<5)
Morehouse,25583,0.0,52.43398027362392,32.8202,-91.8018,0,Moderate Wildfire Risk (<70),0,Very Low Flood Risk (<5)
Natchitoches,37330,0.0,60.069996818326445,31.7234,-93.0962,0,Moderate Wildfire Risk (<70),0,Very Low Flood Risk (<5)
Orleans,383606,77.86720321931588,66.1151765828826,30.0687,-89.9289,0,Moderate Wildfire Risk (<70),1,High Flood Risk (>50)
Ouachita,160298,0.0,43.30257715558384,32.4784,-92.1549,0,Moderate Wildfire Risk (<70),0,Very Low Flood Risk (<5)
Plaquemines,23448,88.12877263581488,41.775373846643326,29.4406,-89.61,0,Moderate Wildfire Risk (<70),1,High Flood Risk (>50)
Pointe Coupee,20697,15.291750503018108,26.12153993000318,30.7095,-91.6008,0,Moderate Wildfire Risk (<70),0,Very Low Flood Risk (<5)
Rapides,129664,0.0,75.66019726376074,31.1986,-92.5332,0,Moderate Wildfire Risk (<70),0,Very Low Flood Risk (<5)
Red River,7602,0.0,11.104040725421571,33.6207,-95.0503,0,Moderate Wildfire Risk (<70),0,Very Low Flood Risk (<5)
Red River,7602,0.0,11.104040725421571,32.0931,-93.3398,0,Moderate Wildfire Risk (<70),0,Very Low Flood Risk (<5)
Richland,19986,0.0,20.17181037225581,32.4178,-91.7635,0,Moderate Wildfire Risk (<70),0,Very Low Flood Risk (<5)
Sabine,22039,0.0,69.13776646516068,31.564,-93.5547,0,Moderate Wildfire Risk (<70),0,Very Low Flood Risk (<5)
Sabine,22039,0.0,69.13776646516068,31.3432,-93.8518,0,Moderate Wildfire Risk (<70),0,Very Low Flood Risk (<5)
St. Bernard,43709,75.45271629778672,59.17912822144448,29.8691,-89.5549,0,Moderate Wildfire Risk (<70),1,High Flood Risk (>50)
St. Charles,52479,95.77464788732392,42.125357938275535,29.9055,-90.3582,0,Moderate Wildfire Risk (<70),1,High Flood Risk (>50)
St. Helena,10911,0.0,44.00254533884824,30.822,-90.7103,0,Moderate Wildfire Risk (<70),0,Very Low Flood Risk (<5)
St. James,20169,82.897384305835,9.831371301304486,30.027,-90.7931,0,Moderate Wildfire Risk (<70),1,High Flood Risk (>50)
St. John the Baptist,42466,80.48289738430584,30.703149856824687,30.1264,-90.4709,0,Moderate Wildfire Risk (<70),1,High Flood Risk (>50)
St. Landry,82428,25.553319919517104,74.03754374801146,30.5989,-92.0058,0,Moderate Wildfire Risk (<70),0,Very Low Flood Risk (<5)
St. Martin,51686,86.51911468812877,29.080496341075406,30.1291,-91.6083,0,Moderate Wildfire Risk (<70),1,High Flood Risk (>50)
St. Mary,49313,90.14084507042254,24.498886414253896,29.7207,-91.4486,0,Moderate Wildfire Risk (<70),1,High Flood Risk (>50)
St. Tammany,263870,85.7142857142857,88.57779191854915,30.4103,-89.9584,0,Moderate Wildfire Risk (<70),1,High Flood Risk (>50)
Tangipahoa,132858,72.03219315895373,73.33757556474706,30.6266,-90.4057,0,Moderate Wildfire Risk (<70),1,High Flood Risk (>50)
Tensas,4133,0.0,4.454342984409799,32.0019,-91.3401,0,Moderate Wildfire Risk (<70),0,Very Low Flood Risk (<5)
Terrebonne,109484,91.14688128772639,37.83009863188037,29.4148,-90.8663,0,Moderate Wildfire Risk (<70),1,High Flood Risk (>50)
Union,21031,0.0,26.43970728603245,34.4905,-89.0038,0,Moderate Wildfire Risk (<70),0,Very Low Flood Risk (<5)
Union,21031,0.0,26.43970728603245,32.8318,-92.3748,0,Moderate Wildfire Risk (<70),0,Very Low Flood Risk (<5)
Union,21031,0.0,26.43970728603245,30.0439,-82.3714,0,Moderate Wildfire Risk (<70),0,Very Low Flood Risk (<5)
Vermilion,57317,41.649899396378274,54.6293350302259,29.8465,-92.3242,0,Moderate Wildfire Risk (<70),1,High Flood Risk (>50)
Vernon,48626,0.0,83.61438116449251,31.1083,-93.1843,0,Moderate Wildfire Risk (<70),0,Very Low Flood Risk (<5)
Washington,45382,0.0,78.74642061724465,30.8533,-90.0405,0,Moderate Wildfire Risk (<70),0,Very Low Flood Risk (<5)
Washington,45382,0.0,78.74642061724465,33.2839,-90.9474,0,Moderate Wildfire Risk (<70),0,Very Low Flood Risk (<5)
Washington,45382,0.0,78.74642061724465,30.2145,-96.4034,0,Moderate Wildfire Risk (<70),0,Very Low Flood Risk (<5)
Washington,45382,0.0,78.74642061724465,30.6106,-85.6653,0,Moderate Wildfire Risk (<70),0,Very Low Flood Risk (<5)
Washington,45382,0.0,78.74642061724465,31.4076,-88.2079,0,Moderate Wildfire Risk (<70),0,Very Low Flood Risk (<5)
Webster,36954,0.0,35.66656061088133,32.7135,-93.335,0,Moderate Wildfire Risk (<70),0,Very Low Flood Risk (<5)
Webster,36954,0.0,35.66656061088133,33.6131,-89.2848,0,Moderate Wildfire Risk (<70),0,Very Low Flood Risk (<5)
West Baton Rouge,27101,44.86921529175049,13.203945275214762,30.4636,-91.3127,0,Moderate Wildfire Risk (<70),1,High Flood Risk (>50)
West Carroll,9736,0.0,26.98059179128221,32.7885,-91.4568,0,Moderate Wildfire Risk (<70),0,Very Low Flood Risk (<5)
West Feliciana,15300,0.0,19.24912503977092,30.8798,-91.42,0,Moderate Wildfire Risk (<70),0,Very Low Flood Risk (<5)
Winn,13718,0.0,21.158129175946545,31.9442,-92.6369,0,Moderate Wildfire Risk (<70),0,Very Low Flood Risk (<5)
Autauga,58764,0.0,29.621380846325167,32.5349,-86.6427,0,Moderate Wildfire Risk (<70),0,Very Low Flood Risk (<5)
Baldwin,231365,55.93561368209256,92.65033407572383,30.7277,-87.7226,0,Moderate Wildfire Risk (<70),1,High Flood Risk (>50)
Barbour,25160,0.0,27.266942411708563,31.8696,-85.3932,0,Moderate Wildfire Risk (<70),0,Very Low Flood Risk (<5)
Bibb,22239,0.0,15.049315940184538,32.9986,-87.1265,0,Moderate Wildfire Risk (<70),0,Very Low Flood Risk (<5)
Blount,58992,0.0,19.630925867006045,33.9809,-86.5674,0,Moderate Wildfire Risk (<70),0,Very Low Flood Risk (<5)
Bullock,10326,0.0,9.481387209672288,32.1005,-85.7157,0,Moderate Wildfire Risk (<70),0,Very Low Flood Risk (<5)
Butler,19015,0.0,14.603881641743556,31.7524,-86.6803,0,Moderate Wildfire Risk (<70),0,Very Low Flood Risk (<5)
Calhoun,116250,0.0,26.566974228444163,33.7714,-85.826,0,Moderate Wildfire Risk (<70),0,Very Low Flood Risk (<5)
Calhoun,116250,0.0,26.566974228444163,28.5074,-96.6018,0,Moderate Wildfire Risk (<70),0,Very Low Flood Risk (<5)
Calhoun,116250,0.0,26.566974228444163,30.406,-85.1972,0,Moderate Wildfire Risk (<70),0,Very Low Flood Risk (<5)
Calhoun,116250,0.0,26.566974228444163,33.9365,-89.3365,0,Moderate Wildfire Risk (<70),0,Very Low Flood Risk (<5)
Chambers,34738,0.0,29.335030225898823,29.7384,-94.61,0,Moderate Wildfire Risk (<70),0,Very Low Flood Risk (<5)
Chambers,34738,0.0,29.335030225898823,32.9143,-85.392,0,Moderate Wildfire Risk (<70),0,Very Low Flood Risk (<5)
Cherokee,24933,0.0,4.67706013363029,31.837,-95.1652,0,Moderate Wildfire Risk (<70),0,Very Low Flood Risk (<5)
Cherokee,24933,0.0,4.67706013363029,34.1759,-85.6038,0,Moderate Wildfire Risk (<70),0,Very Low Flood Risk (<5)
Chilton,44999,0.0,39.516385618835514,32.8479,-86.7188,0,Moderate Wildfire Risk (<70),0,Very Low Flood Risk (<5)
Choctaw,12632,0.0,42.28444161629017,32.0198,-88.2632,0,Moderate Wildfire Risk (<70),0,Very Low Flood Risk (<5)
Choctaw,12632,0.0,42.28444161629017,33.3473,-89.2484,0,Moderate Wildfire Risk (<70),0,Very Low Flood Risk (<5)
Clarke,23038,17.50503018108652,48.87050588609609,31.6767,-87.8308,0,Moderate Wildfire Risk (<70),0,Very Low Flood Risk (<5)
Clarke,23038,17.50503018108652,48.87050588609609,32.0414,-88.6894,0,Moderate Wildfire Risk (<70),0,Very Low Flood Risk (<5)
Clay,14212,0.0,46.134266624244354,29.9831,-81.8579,0,Moderate Wildfire Risk (<70),0,Very Low Flood Risk (<5)
Clay,14212,0.0,46.134266624244354,33.6556,-88.7816,0,Moderate Wildfire Risk (<70),0,Very Low Flood Risk (<5)
Clay,14212,0.0,46.134266624244354,33.269,-85.8605,0,Moderate Wildfire Risk (<70),0,Very Low Flood Risk (<5)
Clay,14212,0.0,46.134266624244354,33.7855,-98.2085,0,Moderate Wildfire Risk (<70),0,Very Low Flood Risk (<5)
Cleburne,15040,0.0,47.1205854279351,33.6745,-85.5188,0,Moderate Wildfire Risk (<70),0,Very Low Flood Risk (<5)
Coffee,53391,0.0,48.552338530066805,31.4027,-85.9882,0,Moderate Wildfire Risk (<70),0,Very Low Flood Risk (<5)
Colbert,57133,0.0,16.003818008272354,34.7005,-87.8049,0,Moderate Wildfire Risk (<70),0,Very Low Flood Risk (<5)
Conecuh,11582,0.0,44.288895959274576,31.4293,-86.9937,0,Moderate Wildfire Risk (<70),0,Very Low Flood Risk (<5)
Coosa,10320,0.0,26.75787464206173,32.9362,-86.2477,0,Moderate Wildfire Risk (<70),0,Very Low Flood Risk (<5)
Covington,37519,0.0,50.97041043588928,31.2485,-86.4513,0,Moderate Wildfire Risk (<70),0,Very Low Flood Risk (<5)
Covington,37519,0.0,50.97041043588928,31.6332,-89.5526,0,Moderate Wildfire Risk (<70),0,Very Low Flood Risk (<5)
Crenshaw,13179,0.0,11.167674196627429,31.7315,-86.3136,0,Moderate Wildfire Risk (<70),0,Very Low Flood Risk (<5)
Cullman,87660,0.0,20.48997772828508,34.1319,-86.8676,0,Moderate Wildfire Risk (<70),0,Very Low Flood Risk (<5)
Dale,49224,0.0,35.69837734648425,31.4318,-85.611,0,Moderate Wildfire Risk (<70),0,Very Low Flood Risk (<5)
Dallas,38341,0.0,24.65797009226853,32.7666,-96.7778,0,Moderate Wildfire Risk (<70),0,Very Low Flood Risk (<5)
Dallas,38341,0.0,24.65797009226853,32.326,-87.1065,0,Moderate Wildfire Risk (<70),0,Very Low Flood Risk (<5)
DeKalb,71379,0.0,25.70792236716513,34.4598,-85.8041,0,Moderate Wildfire Risk (<70),0,Very Low Flood Risk (<5)
Elmore,87755,0.0,33.82118994591155,32.5966,-86.1492,0,Moderate Wildfire Risk (<70),0,Very Low Flood Risk (<5)
Escambia,36706,0.0,77.21921730830417,30.669,-87.363,0,Moderate Wildfire Risk (<70),0,Very Low Flood Risk (<5)
Escambia,36706,0.0,77.21921730830417,31.1262,-87.1615,0,Moderate Wildfire Risk (<70),0,Very Low Flood Risk (<5)
Etowah,103320,0.0,17.849188673242125,34.0453,-86.0348,0,Moderate Wildfire Risk (<70),0,Very Low Flood Risk (<5)
Fayette,16298,0.0,13.967546929685016,29.8768,-96.9198,0,Moderate Wildfire Risk (<70),0,Very Low Flood Risk (<5)
Fayette,16298,0.0,13.967546929685016,33.7212,-87.7388,0,Moderate Wildfire Risk (<70),0,Very Low Flood Risk (<5)
Franklin,31999,0.0,20.235443843461663,34.4417,-87.8437,0,Moderate Wildfire Risk (<70),0,Very Low Flood Risk (<5)
Franklin,31999,0.0,20.235443843461663,32.1333,-91.6738,0,Moderate Wildfire Risk (<70),0,Very Low Flood Risk (<5)
Franklin,31999,0.0,20.235443843461663,29.8766,-84.8137,0,Moderate Wildfire Risk (<70),0,Very Low Flood Risk (<5)
Franklin,31999,0.0,20.235443843461663,33.1755,-95.2184,0,Moderate Wildfire Risk (<70),0,Very Low Flood Risk (<5)
Franklin,31999,0.0,20.235443843461663,31.4772,-90.8979,0,Moderate Wildfire Risk (<70),0,Very Low Flood Risk (<5)
Geneva,26621,0.0,39.67546929685014,31.0951,-85.8391,0,Moderate Wildfire Risk (<70),0,Very Low Flood Risk (<5)
Greene,7714,0.0,11.1358574610245,31.2142,-88.6392,0,Moderate Wildfire Risk (<70),0,Very Low Flood Risk (<5)
Greene,7714,0.0,11.1358574610245,32.8531,-87.9522,0,Moderate Wildfire Risk (<70),0,Very Low Flood Risk (<5)
Hale,14753,0.0,20.044543429844097,34.0705,-101.8269,0,Moderate Wildfire Risk (<70),0,Very Low Flood Risk (<5)
Hale,14753,0.0,20.044543429844097,32.7627,-87.6291,0,Moderate Wildfire Risk (<70),0,Very Low Flood Risk (<5)
Henry,17074,0.0,17.117403754374802,31.5147,-85.2414,0,Moderate Wildfire Risk (<70),0,Very Low Flood Risk (<5)
Houston,107125,0.0,48.934139357301945,31.1532,-85.3025,0,Moderate Wildfire Risk (<70),0,Very Low Flood Risk (<5)
Houston,107125,0.0,48.934139357301945,31.3177,-95.4227,0,Moderate Wildfire Risk (<70),0,Very Low Flood Risk (<5)
Jackson,52501,0.0,15.940184537066497,30.5425,-88.6358,0,Moderate Wildfire Risk (<70),0,Very Low Flood Risk (<5)
Jackson,52501,0.0,15.940184537066497,34.7795,-85.9994,0,Moderate Wildfire Risk (<70),0,Very Low Flood Risk (<5)
Jackson,52501,0.0,15.940184537066497,30.7954,-85.2155,0,Moderate Wildfire Risk (<70),0,Very Low Flood Risk (<5)
Jackson,52501,0.0,15.940184537066497,28.9542,-96.5776,0,Moderate Wildfire Risk (<70),0,Very Low Flood Risk (<5)
Jackson,52501,0.0,15.940184537066497,32.302,-92.5578,0,Moderate Wildfire Risk (<70),0,Very Low Flood Risk (<5)
Jefferson,673766,0.0,54.34298440979956,33.5543,-86.8964,0,Moderate Wildfire Risk (<70),3,Moderate Low Flood Risk (<10)
Jefferson,673766,0.0,54.34298440979956,29.7882,-90.1276,0,Moderate Wildfire Risk (<70),3,Moderate Low Flood Risk (<10)
Jefferson,673766,0.0,54.34298440979956,29.8841,-94.1629,0,Moderate Wildfire Risk (<70),3,Moderate Low Flood Risk (<10)
Jefferson,673766,0.0,54.34298440979956,30.4375,-83.8953,0,Moderate Wildfire Risk (<70),3,Moderate Low Flood Risk (<10)
Jefferson,673766,0.0,54.34298440979956,31.7342,-91.0373,0,Moderate Wildfire Risk (<70),3,Moderate Low Flood Risk (<10)
Lamar,13961,0.0,11.804008908685969,31.206,-89.5087,0,Moderate Wildfire Risk (<70),0,Very Low Flood Risk (<5)
Lamar,13961,0.0,11.804008908685969,33.6673,-95.5712,0,Moderate Wildfire Risk (<70),0,Very Low Flood Risk (<5)
Lamar,13961,0.0,11.804008908685969,33.7791,-88.097,0,Moderate Wildfire Risk (<70),0,Very Low Flood Risk (<5)
Lauderdale,93509,0.0,27.648743238943684,34.9014,-87.654,0,Moderate Wildfire Risk (<70),0,Very Low Flood Risk (<5)
Lauderdale,93509,0.0,27.648743238943684,32.4043,-88.6625,0,Moderate Wildfire Risk (<70),0,Very Low Flood Risk (<5)
Lawrence,33012,0.0,12.313076678332804,34.5217,-87.311,0,Moderate Wildfire Risk (<70),0,Very Low Flood Risk (<5)
Lawrence,33012,0.0,12.313076678332804,31.5502,-90.107,0,Moderate Wildfire Risk (<70),0,Very Low Flood Risk (<5)
Lee,173871,0.0,48.10690423162583,26.578,-81.8332,0,Moderate Wildfire Risk (<70),0,Very Low Flood Risk (<5)
Lee,173871,0.0,48.10690423162583,32.6011,-85.3555,0,Moderate Wildfire Risk (<70),0,Very Low Flood Risk (<5)
Lee,173871,0.0,48.10690423162583,34.2899,-88.6804,0,Moderate Wildfire Risk (<70),0,Very Low Flood Risk (<5)
Lee,173871,0.0,48.10690423162583,30.3107,-96.9657,0,Moderate Wildfire Risk (<70),0,Very Low Flood Risk (<5)
Limestone,101053,0.0,38.6891504931594,34.8101,-86.9814,0,Moderate Wildfire Risk (<70),0,Very Low Flood Risk (<5)
Limestone,101053,0.0,38.6891504931594,31.5455,-96.5805,0,Moderate Wildfire Risk (<70),0,Very Low Flood Risk (<5)
Lowndes,10307,0.0,12.026726057906458,33.4729,-88.4433,0,Moderate Wildfire Risk (<70),0,Very Low Flood Risk (<5)
Lowndes,10307,0.0,12.026726057906458,32.1547,-86.6501,0,Moderate Wildfire Risk (<70),0,Very Low Flood Risk (<5)
Macon,19491,0.0,25.230671333121222,32.3859,-85.6927,0,Moderate Wildfire Risk (<70),0,Very Low Flood Risk (<5)
Madison,387825,0.0,54.279350938593694,34.7631,-86.5502,0,Moderate Wildfire Risk (<70),0,Very Low Flood Risk (<5)
Madison,387825,0.0,54.279350938593694,32.6347,-90.0337,0,Moderate Wildfire Risk (<70),0,Very Low Flood Risk (<5)
Madison,387825,0.0,54.279350938593694,30.4441,-83.4701,0,Moderate Wildfire Risk (<70),0,Very Low Flood Risk (<5)
Madison,387825,0.0,54.279350938593694,30.9655,-95.9284,0,Moderate Wildfire Risk (<70),0,Very Low Flood Risk (<5)
Madison,387825,0.0,54.279350938593694,32.3644,-91.2427,0,Moderate Wildfire Risk (<70),0,Very Low Flood Risk (<5)
Marengo,19291,0.0,17.053770283168948,32.2477,-87.7895,0,Moderate Wildfire Risk (<70),0,Very Low Flood Risk (<5)
Marion,29281,0.0,14.858415526566974,29.2102,-82.0567,0,Moderate Wildfire Risk (<70),0,Very Low Flood Risk (<5)
Marion,29281,0.0,14.858415526566974,34.1366,-87.8871,0,Moderate Wildfire Risk (<70),0,Very Low Flood Risk (<5)
Marion,29281,0.0,14.858415526566974,31.2308,-89.8224,0,Moderate Wildfire Risk (<70),0,Very Low Flood Risk (<5)
Marion,29281,0.0,14.858415526566974,32.798,-94.3572,0,Moderate Wildfire Risk (<70),0,Very Low Flood Risk (<5)
Marshall,97552,0.0,21.03086223353484,34.367,-86.3066,0,Moderate Wildfire Risk (<70),0,Very Low Flood Risk (<5)
Marshall,97552,0.0,21.03086223353484,34.7623,-89.5031,0,Moderate Wildfire Risk (<70),0,Very Low Flood Risk (<5)
Mobile,414514,61.3682092555332,94.94113903913457,30.7877,-88.2058,0,Moderate Wildfire Risk (<70),1,High Flood Risk (>50)
Monroe,19743,16.096579476861166,40.62997136493796,25.3192,-81.1089,0,Moderate Wildfire Risk (<70),0,Very Low Flood Risk (<5)
Monroe,19743,16.096579476861166,40.62997136493796,33.8923,-88.4805,0,Moderate Wildfire Risk (<70),0,Very Low Flood Risk (<5)
Monroe,19743,16.096579476861166,40.62997136493796,31.5709,-87.3654,0,Moderate Wildfire Risk (<70),0,Very Low Flood Risk (<5)
Montgomery,228847,0.0,45.0206808781419,30.3002,-95.503,0,Moderate Wildfire Risk (<70),0,Very Low Flood Risk (<5)
Montgomery,228847,0.0,45.0206808781419,32.2203,-86.2076,0,Moderate Wildfire Risk (<70),0,Very Low Flood Risk (<5)
Montgomery,228847,0.0,45.0206808781419,33.4941,-89.6164,0,Moderate Wildfire Risk (<70),0,Very Low Flood Risk (<5)
Morgan,123349,0.0,31.33948456888323,34.4535,-86.8529,0,Moderate Wildfire Risk (<70),0,Very Low Flood Risk (<5)
Perry,8480,0.0,5.886096086541521,31.172,-88.9924,0,Moderate Wildfire Risk (<70),0,Very Low Flood Risk (<5)
Perry,8480,0.0,5.886096086541521,32.6385,-87.2944,0,Moderate Wildfire Risk (<70),0,Very Low Flood Risk (<5)
Pickens,19095,0.0,15.494750238625516,33.2808,-88.0887,0,Moderate Wildfire Risk (<70),0,Very Low Flood Risk (<5)
Pike,32965,0.0,17.403754374801146,31.1748,-90.4042,0,Moderate Wildfire Risk (<70),0,Very Low Flood Risk (<5)
Pike,32965,0.0,17.403754374801146,31.8027,-85.9409,0,Moderate Wildfire Risk (<70),0,Very Low Flood Risk (<5)
Randolph,21932,0.0,45.75246579700922,33.2938,-85.4591,0,Moderate Wildfire Risk (<70),0,Very Low Flood Risk (<5)
Russell,59131,0.0,30.79860006363347,32.2884,-85.1849,0,Moderate Wildfire Risk (<70),0,Very Low Flood Risk (<5)
St. Clair,90899,0.0,21.826280623608017,33.7157,-86.3146,0,Moderate Wildfire Risk (<70),0,Very Low Flood Risk (<5)
Shelby,222782,0.0,45.561565383391674,33.2643,-86.6607,0,Moderate Wildfire Risk (<70),0,Very Low Flood Risk (<5)
Shelby,222782,0.0,45.561565383391674,31.7924,-94.145,0,Moderate Wildfire Risk (<70),0,Very Low Flood Risk (<5)
Sumter,12322,0.0,24.117085587018767,28.7048,-82.081,0,Moderate Wildfire Risk (<70),0,Very Low Flood Risk (<5)
Sumter,12322,0.0,24.117085587018767,32.5911,-88.1988,0,Moderate Wildfire Risk (<70),0,Very Low Flood Risk (<5)
Talladega,81988,0.0,33.37575564747057,33.3801,-86.1659,0,Moderate Wildfire Risk (<70),0,Very Low Flood Risk (<5)
Tallapoosa,41279,0.0,41.839007317849195,32.8624,-85.7975,0,Moderate Wildfire Risk (<70),0,Very Low Flood Risk (<5)
Tuscaloosa,226701,0.0,40.15272033089405,33.2896,-87.5251,0,Moderate Wildfire Risk (<70),0,Very Low Flood Risk (<5)
Walker,65276,0.0,27.171492204899774,30.739,-95.5723,0,Moderate Wildfire Risk (<70),0,Very Low Flood Risk (<5)
Walker,65276,0.0,27.171492204899774,33.8033,-87.2973,0,Moderate Wildfire Risk (<70),0,Very Low Flood Risk (<5)
Washington,15333,17.303822937625753,66.05154311167675,30.8533,-90.0405,0,Moderate Wildfire Risk (<70),0,Very Low Flood Risk (<5)
Washington,15333,17.303822937625753,66.05154311167675,33.2839,-90.9474,0,Moderate Wildfire Risk (<70),0,Very Low Flood Risk (<5)
Washington,15333,17.303822937625753,66.05154311167675,30.2145,-96.4034,0,Moderate Wildfire Risk (<70),0,Very Low Flood Risk (<5)
Washington,15333,17.303822937625753,66.05154311167675,30.6106,-85.6653,0,Moderate Wildfire Risk (<70),0,Very Low Flood Risk (<5)
Washington,15333,17.303822937625753,66.05154311167675,31.4076,-88.2079,0,Moderate Wildfire Risk (<70),0,Very Low Flood Risk (<5)
Wilcox,10548,0.0,17.276487432389438,31.9893,-87.3082,0,Moderate Wildfire Risk (<70),0,Very Low Flood Risk (<5)
Winston,23478,0.0,19.56729239580019,34.1492,-87.3737,0,Moderate Wildfire Risk (<70),0,Very Low Flood Risk (<5)
Winston,23478,0.0,19.56729239580019,33.0885,-89.0344,0,Moderate Wildfire Risk (<70),0,Very Low Flood Risk (<5)
Alachua,277984,0.0,98.25007954183901,29.6747,-82.3577,0,Moderate Wildfire Risk (<70),0,Very Low Flood Risk (<5)
Baker,27852,0.0,86.41425389755011,30.3311,-82.2846,0,Moderate Wildfire Risk (<70),0,Very Low Flood Risk (<5)
Bay,174869,51.91146881287727,81.0054088450525,30.2652,-85.6203,0,Moderate Wildfire Risk (<70),1,High Flood Risk (>50)
Bradford,28233,0.0,87.40057270124083,29.95,-82.1687,0,Moderate Wildfire Risk (<70),0,Very Low Flood Risk (<5)
Brevard,606067,92.35412474849095,98.91823098950049,28.2937,-80.7323,0,Moderate Wildfire Risk (<70),1,High Flood Risk (>50)
Broward,1940829,65.99597585513078,98.8545975182946,26.1523,-80.4871,1,Very High Wildfire Risk (>90),3,Moderate Low Flood Risk (<10)
Calhoun,13597,20.72434607645875,71.17403754374801,33.7714,-85.826,0,Moderate Wildfire Risk (<70),0,Very Low Flood Risk (<5)
Calhoun,13597,20.72434607645875,71.17403754374801,28.5074,-96.6018,0,Moderate Wildfire Risk (<70),0,Very Low Flood Risk (<5)
Calhoun,13597,20.72434607645875,71.17403754374801,30.406,-85.1972,0,Moderate Wildfire Risk (<70),0,Very Low Flood Risk (<5)
Calhoun,13597,20.72434607645875,71.17403754374801,33.9365,-89.3365,0,Moderate Wildfire Risk (<70),0,Very Low Flood Risk (<5)
Charlotte,186734,53.52112676056338,95.4502068087814,26.9058,-81.9114,0,Moderate Wildfire Risk (<70),1,High Flood Risk (>50)
Citrus,153476,61.97183098591549,92.68215081132675,28.8489,-82.4794,0,Moderate Wildfire Risk (<70),1,High Flood Risk (>50)
Clay,218078,63.38028169014085,90.10499522748964,29.9831,-81.8579,0,Moderate Wildfire Risk (<70),1,High Flood Risk (>50)
Clay,218078,63.38028169014085,90.10499522748964,33.6556,-88.7816,0,Moderate Wildfire Risk (<70),1,High Flood Risk (>50)
Clay,218078,63.38028169014085,90.10499522748964,33.269,-85.8605,0,Moderate Wildfire Risk (<70),1,High Flood Risk (>50)
Clay,218078,63.38028169014085,90.10499522748964,33.7855,-98.2085,0,Moderate Wildfire Risk (<70),1,High Flood Risk (>50)
Collier,375443,59.35613682092556,98.4727966910595,26.1108,-81.3474,0,Moderate Wildfire Risk (<70),1,High Flood Risk (>50)
Columbia,69648,0.0,93.73210308622335,30.2242,-82.6215,0,Moderate Wildfire Risk (<70),0,Very Low Flood Risk (<5)
DeSoto,33898,24.54728370221328,87.84600699968182,34.8753,-89.9912,0,Moderate Wildfire Risk (<70),0,Very Low Flood Risk (<5)
DeSoto,33898,24.54728370221328,87.84600699968182,27.1864,-81.8095,0,Moderate Wildfire Risk (<70),0,Very Low Flood Risk (<5)
Dixie,16706,79.27565392354124,80.1781737193764,29.6086,-83.1587,0,Moderate Wildfire Risk (<70),1,High Flood Risk (>50)
Duval,994675,75.6539235412475,93.15940184537065,30.3313,-81.6715,1,Very High Wildfire Risk (>90),1,High Flood Risk (>50)
Duval,994675,75.6539235412475,93.15940184537065,27.6814,-98.5089,1,Very High Wildfire Risk (>90),1,High Flood Risk (>50)
Escambia,321367,48.088531187122726,86.19153674832961,30.669,-87.363,0,Moderate Wildfire Risk (<70),1,High Flood Risk (>50)
Escambia,321367,48.088531187122726,86.19153674832961,31.1262,-87.1615,0,Moderate Wildfire Risk (<70),1,High Flood Risk (>50)
Flagler,115270,68.81287726358148,92.58670060451799,29.4614,-81.3136,0,Moderate Wildfire Risk (<70),1,High Flood Risk (>50)
Franklin,12426,61.77062374245473,79.63728921412662,34.4417,-87.8437,0,Moderate Wildfire Risk (<70),1,High Flood Risk (>50)
Franklin,12426,61.77062374245473,79.63728921412662,32.1333,-91.6738,0,Moderate Wildfire Risk (<70),1,High Flood Risk (>50)
Franklin,12426,61.77062374245473,79.63728921412662,29.8766,-84.8137,0,Moderate Wildfire Risk (<70),1,High Flood Risk (>50)
Franklin,12426,61.77062374245473,79.63728921412662,33.1755,-95.2184,0,Moderate Wildfire Risk (<70),1,High Flood Risk (>50)
Franklin,12426,61.77062374245473,79.63728921412662,31.4772,-90.8979,0,Moderate Wildfire Risk (<70),1,High Flood Risk (>50)
Gadsden,43693,0.0,84.44161629016862,30.5795,-84.6136,0,Moderate Wildfire Risk (<70),0,Very Low Flood Risk (<5)
Gilchrist,17826,26.961770623742453,85.42793509385938,29.7258,-82.8004,0,Moderate Wildfire Risk (<70),0,Very Low Flood Risk (<5)
Glades,12052,19.517102615694164,93.06395163856189,26.9564,-81.189,0,Moderate Wildfire Risk (<70),0,Very Low Flood Risk (<5)
Gulf,14176,49.69818913480885,77.28285077951001,29.9565,-85.2263,0,Moderate Wildfire Risk (<70),1,High Flood Risk (>50)
Hamilton,13941,0.0,77.34648425071587,30.4964,-82.9479,0,Moderate Wildfire Risk (<70),0,Very Low Flood Risk (<5)
Hamilton,13941,0.0,77.34648425071587,31.7048,-98.1107,0,Moderate Wildfire Risk (<70),0,Very Low Flood Risk (<5)
Hardee,25302,18.30985915492958,86.85968819599108,27.4927,-81.81,0,Moderate Wildfire Risk (<70),0,Very Low Flood Risk (<5)
Hendry,39371,24.949698189134807,97.13649379573656,26.5535,-81.1659,0,Moderate Wildfire Risk (<70),0,Very Low Flood Risk (<5)
Hernando,194448,50.503018108651915,90.00954502068086,28.5537,-82.424,0,Moderate Wildfire Risk (<70),1,High Flood Risk (>50)
Highlands,101136,0.0,94.6229716831053,27.3433,-81.341,0,Moderate Wildfire Risk (<70),0,Very Low Flood Risk (<5)
Hillsborough,1458282,69.21529175050301,97.23194400254532,27.9292,-82.3088,1,Very High Wildfire Risk (>90),3,Moderate Low Flood Risk (<10)
Holmes,19618,0.0,43.87527839643652,30.8679,-85.814,0,Moderate Wildfire Risk (<70),0,Very Low Flood Risk (<5)
Holmes,19618,0.0,43.87527839643652,33.1235,-90.0921,0,Moderate Wildfire Risk (<70),0,Very Low Flood Risk (<5)
Indian River,159719,78.26961770623743,92.52306713331213,27.6943,-80.6064,0,Moderate Wildfire Risk (<70),1,High Flood Risk (>50)
Jackson,47249,0.0,62.67896913776646,30.5425,-88.6358,0,Moderate Wildfire Risk (<70),0,Very Low Flood Risk (<5)
Jackson,47249,0.0,62.67896913776646,34.7795,-85.9994,0,Moderate Wildfire Risk (<70),0,Very Low Flood Risk (<5)
Jackson,47249,0.0,62.67896913776646,30.7954,-85.2155,0,Moderate Wildfire Risk (<70),0,Very Low Flood Risk (<5)
Jackson,47249,0.0,62.67896913776646,28.9542,-96.5776,0,Moderate Wildfire Risk (<70),0,Very Low Flood Risk (<5)
Jackson,47249,0.0,62.67896913776646,32.302,-92.5578,0,Moderate Wildfire Risk (<70),0,Very Low Flood Risk (<5)
Jefferson,14359,25.352112676056336,73.68755965637925,33.5543,-86.8964,0,Moderate Wildfire Risk (<70),0,Very Low Flood Risk (<5)
Jefferson,14359,25.352112676056336,73.68755965637925,29.7882,-90.1276,0,Moderate Wildfire Risk (<70),0,Very Low Flood Risk (<5)
Jefferson,14359,25.352112676056336,73.68755965637925,29.8841,-94.1629,0,Moderate Wildfire Risk (<70),0,Very Low Flood Risk (<5)
Jefferson,14359,25.352112676056336,73.68755965637925,30.4375,-83.8953,0,Moderate Wildfire Risk (<70),0,Very Low Flood Risk (<5)
Jefferson,14359,25.352112676056336,73.68755965637925,31.7342,-91.0373,0,Moderate Wildfire Risk (<70),0,Very Low Flood Risk (<5)
Lafayette,8205,26.156941649899395,74.41934457524657,30.2068,-92.0639,0,Moderate Wildfire Risk (<70),0,Very Low Flood Risk (<5)
Lafayette,8205,26.156941649899395,74.41934457524657,34.3568,-89.4849,0,Moderate Wildfire Risk (<70),0,Very Low Flood Risk (<5)
Lafayette,8205,26.156941649899395,74.41934457524657,29.9855,-83.1811,0,Moderate Wildfire Risk (<70),0,Very Low Flood Risk (<5)
Lake,383042,22.7364185110664,98.40916321985365,28.7615,-81.7113,0,Moderate Wildfire Risk (<70),0,Very Low Flood Risk (<5)
Lee,759922,64.1851106639839,97.9955456570156,26.578,-81.8332,1,Very High Wildfire Risk (>90),1,High Flood Risk (>50)
Lee,759922,64.1851106639839,97.9955456570156,32.6011,-85.3555,1,Very High Wildfire Risk (>90),1,High Flood Risk (>50)
Lee,759922,64.1851106639839,97.9955456570156,34.2899,-88.6804,1,Very High Wildfire Risk (>90),1,High Flood Risk (>50)
Lee,759922,64.1851106639839,97.9955456570156,30.3107,-96.9657,1,Very High Wildfire Risk (>90),1,High Flood Risk (>50)
Leon,292157,23.943661971830984,95.13203945275215,30.458,-84.2779,0,Moderate Wildfire Risk (<70),0,Very Low Flood Risk (<5)
Leon,292157,23.943661971830984,95.13203945275215,31.2965,-95.9957,0,Moderate Wildfire Risk (<70),0,Very Low Flood Risk (<5)
Levy,42750,73.23943661971832,91.50493159401843,29.3184,-82.7434,0,Moderate Wildfire Risk (<70),1,High Flood Risk (>50)
Liberty,6344,22.937625754527165,77.56920139993636,30.1516,-94.8122,0,Moderate Wildfire Risk (<70),0,Very Low Flood Risk (<5)
Liberty,6344,22.937625754527165,77.56920139993636,30.2413,-84.8829,0,Moderate Wildfire Risk (<70),0,Very Low Flood Risk (<5)
Madison,17964,0.0,67.19694559338211,34.7631,-86.5502,0,Moderate Wildfire Risk (<70),0,Very Low Flood Risk (<5)
Madison,17964,0.0,67.19694559338211,32.6347,-90.0337,0,Moderate Wildfire Risk (<70),0,Very Low Flood Risk (<5)
Madison,17964,0.0,67.19694559338211,30.4441,-83.4701,0,Moderate Wildfire Risk (<70),0,Very Low Flood Risk (<5)
Madison,17964,0.0,67.19694559338211,30.9655,-95.9284,0,Moderate Wildfire Risk (<70),0,Very Low Flood Risk (<5)
Madison,17964,0.0,67.19694559338211,32.3644,-91.2427,0,Moderate Wildfire Risk (<70),0,Very Low Flood Risk (<5)
Manatee,399485,76.05633802816901,90.83678014635697,27.4719,-82.3153,0,Moderate Wildfire Risk (<70),1,High Flood Risk (>50)
Marion,375566,24.34607645875252,99.20458160992682,29.2102,-82.0567,0,Moderate Wildfire Risk (<70),0,Very Low Flood Risk (<5)
Marion,375566,24.34607645875252,99.20458160992682,34.1366,-87.8871,0,Moderate Wildfire Risk (<70),0,Very Low Flood Risk (<5)
Marion,375566,24.34607645875252,99.20458160992682,31.2308,-89.8224,0,Moderate Wildfire Risk (<70),0,Very Low Flood Risk (<5)
Marion,375566,24.34607645875252,99.20458160992682,32.798,-94.3572,0,Moderate Wildfire Risk (<70),0,Very Low Flood Risk (<5)
Martin,158246,81.08651911468813,92.84123448934139,27.0775,-80.4315,0,Moderate Wildfire Risk (<70),1,High Flood Risk (>50)
Martin,158246,81.08651911468813,92.84123448934139,32.306,-101.9513,0,Moderate Wildfire Risk (<70),1,High Flood Risk (>50)
Miami-Dade,2698679,76.45875251509052,98.66369710467704,25.615,-80.5624,1,Very High Wildfire Risk (>90),2,Moderate Flood Risk (<50)
Monroe,82390,71.0261569416499,59.84727966910594,25.3192,-81.1089,0,Moderate Wildfire Risk (<70),1,High Flood Risk (>50)
Monroe,82390,71.0261569416499,59.84727966910594,33.8923,-88.4805,0,Moderate Wildfire Risk (<70),1,High Flood Risk (>50)
Monroe,82390,71.0261569416499,59.84727966910594,31.5709,-87.3654,0,Moderate Wildfire Risk (<70),1,High Flood Risk (>50)
Nassau,90123,61.56941649899397,91.85491568565064,30.6107,-81.8019,0,Moderate Wildfire Risk (<70),1,High Flood Risk (>50)
Okaloosa,211293,41.85110663983904,84.79160038180083,30.6913,-86.5917,0,Moderate Wildfire Risk (<70),1,High Flood Risk (>50)
Okeechobee,39455,0.0,94.33662106267896,27.3864,-80.8886,0,Moderate Wildfire Risk (<70),0,Very Low Flood Risk (<5)
Orange,1428790,0.0,99.45911549475024,28.5144,-81.3235,1,Very High Wildfire Risk (>90),3,Moderate Low Flood Risk (<10)
Orange,1428790,0.0,99.45911549475024,30.1213,-93.8939,1,Very High Wildfire Risk (>90),3,Moderate Low Flood Risk (<10)
Osceola,387795,0.0,97.77282850779507,28.0626,-81.1495,0,Moderate Wildfire Risk (<70),0,Very Low Flood Risk (<5)
Palm Beach,1489461,56.33802816901409,96.78650970410435,26.6476,-80.4655,1,Very High Wildfire Risk (>90),3,Moderate Low Flood Risk (<10)
Pasco,561566,69.01408450704226,96.81832643970729,28.3092,-82.392,0,Moderate Wildfire Risk (<70),1,High Flood Risk (>50)
Pinellas,958822,82.09255533199197,70.09226853324849,27.9198,-82.7255,1,Very High Wildfire Risk (>90),1,High Flood Risk (>50)
Polk,721918,0.0,99.04549793191218,27.9489,-81.6976,1,Very High Wildfire Risk (>90),3,Moderate Low Flood Risk (<10)
Polk,721918,0.0,99.04549793191218,30.7927,-94.83,1,Very High Wildfire Risk (>90),3,Moderate Low Flood Risk (<10)
Putnam,73208,65.19114688128774,95.48202354438433,29.6087,-81.7443,0,Moderate Wildfire Risk (<70),1,High Flood Risk (>50)
St. Johns,273175,92.95774647887325,95.38657333757556,29.9016,-81.4407,0,Moderate Wildfire Risk (<70),1,High Flood Risk (>50)
St. Lucie,328876,78.06841046277665,89.81864460706333,27.3773,-80.4721,0,Moderate Wildfire Risk (<70),1,High Flood Risk (>50)
Santa Rosa,187714,48.89336016096579,88.8641425389755,30.7004,-87.0219,0,Moderate Wildfire Risk (<70),1,High Flood Risk (>50)
Sarasota,433908,66.19718309859155,92.87305122494433,27.1845,-82.3315,0,Moderate Wildfire Risk (<70),1,High Flood Risk (>50)
Seminole,470586,0.0,95.95927457842824,28.717,-81.2363,0,Moderate Wildfire Risk (<70),0,Very Low Flood Risk (<5)
Sumter,129698,0.0,94.75023862551703,28.7048,-82.081,0,Moderate Wildfire Risk (<70),0,Very Low Flood Risk (<5)
Sumter,129698,0.0,94.75023862551703,32.5911,-88.1988,0,Moderate Wildfire Risk (<70),0,Very Low Flood Risk (<5)
Suwannee,43427,23.54124748490945,88.9914094813872,30.1956,-82.9915,0,Moderate Wildfire Risk (<70),0,Very Low Flood Risk (<5)
Taylor,21690,58.350100603621726,77.91918549156857,32.3015,-99.8901,0,Moderate Wildfire Risk (<70),1,High Flood Risk (>50)
Taylor,21690,58.350100603621726,77.91918549156857,30.047,-83.6035,0,Moderate Wildfire Risk (<70),1,High Flood Risk (>50)
Union,16088,0.0,84.12344893413936,34.4905,-89.0038,0,Moderate Wildfire Risk (<70),0,Very Low Flood Risk (<5)
Union,16088,0.0,84.12344893413936,32.8318,-92.3748,0,Moderate Wildfire Risk (<70),0,Very Low Flood Risk (<5)
Union,16088,0.0,84.12344893413936,30.0439,-82.3714,0,Moderate Wildfire Risk (<70),0,Very Low Flood Risk (<5)
Volusia,551829,87.32394366197182,98.21826280623608,29.0584,-81.1819,0,Moderate Wildfire Risk (<70),1,High Flood Risk (>50)
Wakulla,33756,54.52716297786721,91.47311485841551,30.1673,-84.4007,0,Moderate Wildfire Risk (<70),1,High Flood Risk (>50)
Walton,75211,41.04627766599599,81.4826598790964,30.6436,-86.1697,0,Moderate Wildfire Risk (<70),1,High Flood Risk (>50)
Washington,25288,20.321931589537225,75.18294622971683,30.8533,-90.0405,0,Moderate Wildfire Risk (<70),0,Very Low Flood Risk (<5)
Washington,25288,20.321931589537225,75.18294622971683,33.2839,-90.9474,0,Moderate Wildfire Risk (<70),0,Very Low Flood Risk (<5)
Washington,25288,20.321931589537225,75.18294622971683,30.2145,-96.4034,0,Moderate Wildfire Risk (<70),0,Very Low Flood Risk (<5)
Washington,25288,20.321931589537225,75.18294622971683,30.6106,-85.6653,0,Moderate Wildfire Risk (<70),0,Very Low Flood Risk (<5)
Washington,25288,20.321931589537225,75.18294622971683,31.4076,-88.2079,0,Moderate Wildfire Risk (<70),0,Very Low Flood Risk (<5)
